Name,BSE Code,NSE Code,Industry,Current Price,Market Capitalization,Price to Earning,Industry PE,EPS,Promoter holding,Debt to equity,Debtor days,Net Profit latest quarter,YOY Quarterly profit growth,Sales latest quarter,YOY Quarterly sales growth,ROCE3yr avg,Return on capital employed,OPM,Profit after tax,Sales,Sales growth 3Years,Sales growth 5Years,Profit growth,Profit growth 3Years,Profit growth 5Years,Profit growth 7Years,Profit growth 10Years,Average return on equity 5Years,Average return on equity 3Years,Return on equity,Return over 1year,Return over 3years,Return over 5years,Return on assets,Sales growth,Sales preceding year,Sales growth 7Years,Operating profit preceding year,Net Profit last year,Sales growth 10Years,Average Earnings 5Year,Free cash flow last year,Free cash flow preceding year,Net cash flow preceding year,Free cash flow 3years,Average return on capital employed 3Years,Average return on capital employed 5Years
Aarti Drugs,524348,AARTIDRUGS,Pharmaceuticals - Indian - Bulk Drugs,427,3954.02,20.28,20.38,27.65,59.83,0.53,115.38,53,5.49,641.48,41.9,24.48,20.51,14.13,195,2251.17,15.68,15.64,-24.28,32.03,21.37,14.07,23.67,23.77,26.13,21.29,-41.73,45,28.16,10.62,17.56,1914.89,10.96,404.38,195,13.07,148,-88.49,79.75,-0.13,155.24,24.48,21.79
AAVAS Financiers,541988,AAVAS,Finance - Housing,2039.7,16105.64,45.14,20.56,45.2,39.2,2.85,0,115.67,32.03,365.03,26.13,9.84,9.51,73.21,356.8,1304.36,22.48,33.72,23.28,26.59,44.24,,,12.64,13.12,13.7,-18.98,12.04,,3.57,18.24,1103.17,,830.01,356.8,123.47,232.87,-1151.15,-1078.68,-328.33,-3421.49,9.84,10.04
Abbott India,500488,ABBOTINDIA,Pharmaceuticals - Multinational,18191.45,38656.83,48.4,32.24,,74.99,0.05,21.38,211.41,38.66,1255.02,14.56,36.36,38.38,22.11,798.7,4919.27,10.17,11.13,15.61,21.6,23.61,19.62,20.84,27.02,27.97,29.46,11.42,28.32,33.75,19.81,14.14,4310.02,11.55,921.71,798.7,12.68,585.69,903.82,703.56,73.13,2217.94,36.36,37.11
ACC,500410,ACC,Cement - North India,2135.4,40100.09,23.09,17.99,,54.53,0.01,11.05,396.31,-29.55,4426.54,3.14,18.07,19.2,17.02,1736.78,16286.24,2.95,8.01,-3.33,7.77,23.15,7.58,4.08,13.02,13.1,14.09,5.48,10.58,5.83,9.7,11.73,13785.98,4.78,2355.11,1862.99,4.75,1449.86,1682.15,1471.34,1356.83,4913.29,18.07,17.3
Acrysil,524091,ACRYSIL,Ceramics - Tiles / Sanitaryware,572.5,1528.28,23.6,23.6,,44.04,0.54,75.71,16.36,25.46,138.93,38.06,22.96,27.94,21.35,64.76,483.9,24.36,21.74,65.58,55.45,54.91,33.17,45.82,19.81,23.22,29.1,5.85,75.95,43.21,13.82,56.24,309.72,21.04,66.89,64.76,22.69,31.02,-21.49,9.5,1.81,-1.8,22.96,20.14
Aditya Bir. Fas.,535755,ABFRL,Textiles - Products,259.05,24306.56,,,-1.16,56.09,1.48,33.93,43.59,123.18,2282.83,25.32,1.86,3.11,13.52,-108.72,8136.22,0.08,,83.89,,,,,,-15.62,-3.94,24.6,6.46,7.18,-1.05,55.01,5248.92,,582.61,-108.72,,,632.05,945.28,-20.67,1909.08,1.86,
Advanced Enzyme,540025,ADVENZYMES,Chemicals,298.15,3333.51,27.88,23.06,10.7,52.7,0.03,60.82,24.43,-22.22,131.73,-1.12,20.45,16.33,38.05,119.58,529.38,8.06,9.98,-17.93,2.44,5.49,13.28,13.62,15.58,14.65,11.61,-27.95,15.46,-3.16,10.26,5.49,501.84,13.24,232.49,119.58,11.97,119.17,95.41,143.46,109.26,329.32,20.45,21.98
Aegis Logistics,500003,AEGISCHEM,Trading,228.2,8009.82,22.4,38.39,,58.07,0.38,58.19,94.75,44.81,2103.58,108.03,16.52,18.4,11.54,357.52,4630.98,-6.23,3.34,60.05,17.32,24.56,23.34,33.62,14.29,12.66,17.37,-40.07,1.3,2.33,10.88,20.49,3843.46,2.43,387.64,357.52,0.37,219.97,-130.28,82.86,74.35,-71.85,16.52,17.49
Affle India,542752,AFFLE,Computers - Software - Medium / Small,1002.75,13361.75,62.47,26.37,10.57,59.89,0.13,79.2,68.47,17.02,315.08,122.56,32.75,27.92,19.66,213.88,1081.66,63.08,,58.66,63.63,,,,,34.14,27.83,-4.17,,,16.65,109.31,516.78,,129.67,213.88,,98.17,133.44,52.34,-20.44,226.57,32.75,
AGI Greenpac,500187,AGI,Packaging,219.5,1420.11,7.35,12.21,,60.24,0.84,78.18,127.59,286.4,431.83,3.48,9.21,12.12,18.46,193.29,1430.43,-3.76,-7.14,114.86,151.57,12.99,9.26,5.9,6.34,8.66,14.72,-3.73,40.96,14.31,6.3,-22.79,1852.59,-3.36,284.23,193.29,0.87,84.35,-295.78,226.31,-21.2,-59.44,9.21,7.39
Agro Tech Foods.,500215,ATFL,Solvent Extraction,802.75,1956.3,85.5,37.49,10.61,51.77,0.11,31.6,6.32,182.46,212.68,-0.61,8.86,6.96,5.91,22.88,916.62,3.63,2.63,-26.26,-11.13,-1.69,-6.61,-4.57,7.69,6.77,5.09,-18.01,14.37,10.28,3.95,2.7,892.53,2.72,62.39,25.85,2.67,29.93,-59.78,11.33,6.6,-73.47,8.86,10.67
AIA Engineering,532683,AIAENG,Castings & Forgings,2095.75,19767.19,31.9,18.98,,58.47,0,81.89,194.61,45.74,1093.33,27.11,17.51,17.06,20.21,619.62,3566.55,5.13,9.69,14.76,8.91,6.51,5.48,13.13,14.49,14.26,13.77,6.74,4.65,9.25,12.54,23.77,2881.49,7.27,661.3,619.68,9.67,527.7,-164.54,475.39,313.68,859.16,17.51,18.21
Alembic Pharma,533573,APLLTD,Pharmaceuticals - Indian - Bulk Drugs & Formln,731.65,14381.54,27.61,23.78,,69.61,0.12,55.52,35.46,-87.47,1415.74,10.57,19.95,11.08,16.48,520.93,5305.79,10.48,11.31,-54.36,-3.58,5.24,9.11,14.88,20.68,20.25,10.05,-27.27,13.54,5.88,7.53,-1.62,5393.13,14.5,1557.55,545.68,13.73,697.22,128.09,804.14,26.22,647.07,19.95,20.6
Alkyl Amines,506767,ALKYLAMINE,Chemicals,2645.15,13509.43,60.07,23.06,57.91,72.03,0.02,65.47,46.42,-49.87,425.64,11.39,42.57,33.02,21.16,224.89,1542.8,22.16,25.24,-24.08,39.05,34.87,25.67,29.34,32.92,35.41,25.24,-26.47,100.49,74.82,17.87,24.18,1242.44,18.28,430.3,224.89,18.28,171.78,-41.49,207.94,64.91,277.04,42.57,37.99
Allcargo Logist.,532749,ALLCARGO,Miscellaneous,309.65,7607.96,8.64,19.11,,69.92,0.73,57.62,246.85,552.85,5775.92,72.45,16.52,26.37,7.55,880.16,20072.07,42.79,29.16,669.51,56.41,31.76,20.74,12.29,14.54,16.86,32.33,116.77,41.3,11.98,10.74,91.2,10498.1,19.92,643.07,925.73,16.71,316.07,667.58,206.14,57.56,441.5,16.52,15.14
Amara Raja Batt.,500008,AMARAJABAT,Auto Ancillaries,494,8438.14,16.5,22.01,,28.06,0.03,33.27,98.54,-47.99,2180.7,3.71,19.96,15.7,11.76,511.25,8695.82,8.58,10.34,-19.74,1.97,1.69,3.21,9.05,15.48,15.21,11.67,-34.77,-7.54,-10.24,8.4,21.63,7149.68,10.92,1116.57,511.25,13.91,548.3,-126.8,305.65,64.13,655.89,19.96,21.28
Ambuja Cements,500425,AMBUJACEM,Cement - North India,365.15,72505.84,28.54,17.99,,63.19,0.02,8.14,658.87,-30.44,7900.04,2.4,19.26,22.14,19.88,2540.11,29150.69,3.61,7.59,-11.1,8.1,24.33,10.41,8.93,9.91,10.45,11.83,8.13,18.3,9.62,8.94,12.2,24516.17,16.48,5005.57,2780.38,13.06,2228.09,3012.82,3106.99,-441.17,9251.47,19.26,17.6
Apollo Hospitals,508869,APOLLOHOSP,Healthcare,3700.5,53207.51,61.89,26.8,,29.33,0.72,44,90.14,-40.45,3546.43,23.66,14.39,19.45,14.9,859.78,14662.64,15.09,15.11,773.14,62.43,45.31,15.08,14.61,8.02,10.15,16.78,10.91,38.87,22.5,7.34,38.85,10560,16.19,1140.3,1055.61,16.63,304.87,963.88,993,44.5,2739.18,14.39,12.31
Asahi Industries,514482,,Textiles - Cotton/Blended,5.37,35.68,,6.23,,48.5,,,-0.47,0,0,,-5.53,-4.68,,-1.9,0,,,39.68,20.23,,,,,,,66.25,17.62,,-4.73,,0,,-0.27,-2.71,,-6.97,0.16,-0.02,-0.02,-1.12,-5.53,-7.89
Asian Paints,500820,ASIANPAINT,Paints / Varnishes,2708.75,259822.7,84.32,76.12,,52.63,0.11,48.56,850.42,9.22,7892.67,18.66,32.55,29.73,16.51,3081.21,29101.28,14.79,14.08,-1.43,12.8,9.71,12.04,12.3,25.4,25.75,23.15,-8.37,23.86,18.68,14.48,34.03,21712.79,11.46,4855.6,3030.57,12.17,2617.49,487.83,3429.09,2492.41,6588.13,32.55,33.59
Astral,532830,ASTRAL,Plastics Products,1647.95,33110.64,68.44,29.86,20.13,55.73,0.04,22.35,141.4,-19.01,1390.6,23.3,27.5,29.99,17.15,483.8,4394,20.56,18.32,20.62,35.26,27.3,30.35,28.71,20.81,21.9,22.86,-14.83,27.12,33.72,16.19,38.34,3176.3,17.62,637.6,483.8,22.77,300.31,198.5,493,56.8,883.6,27.5,26.26
Astrazeneca Phar,506820,ASTRAZEN,Pharmaceuticals - Multinational,2938.45,7346.13,119.27,32.24,,75,0.02,38.91,27.98,2.57,231.96,10.32,25.88,17,10.7,61.59,805.6,3.42,8.18,-32.85,4.22,31.32,25.69,12.18,17.61,18.37,12.73,-22.27,16.09,26.17,7.55,-0.98,813.56,6.54,135.47,61.59,4.25,61.13,94.42,99.49,268.84,267.6,25.88,25.02
Atul Auto,531795,ATULAUTO,Automobiles - Scooters And 3 - Wheelers,170.8,374.79,,26.42,,52.7,0.68,22.48,-5.73,-11.26,94.84,4.03,3.12,-6.31,-5.16,-24.94,315.42,-22.08,-7.87,-204.89,,,,,9.25,2.34,-8.65,-13.03,-16.01,-16.47,-5.23,6.6,295.9,,-7.66,-24.94,,24.43,-178.6,1.3,6.16,-194.63,3.12,12.68
AU Small Finance,540611,AUBANK,Banks - Private Sector,603.05,38003.39,33.64,18.12,17.94,28.23,6.97,0,346.07,104.8,1667.03,28.99,8.82,8.42,53.16,1129.83,5921.73,26.16,35.85,-3.55,43.45,6.57,34.73,36.56,18.46,19.77,18.31,15.3,19.61,,2.19,19.63,4950.05,35.56,2695.93,1129.83,37.31,730.4,6567.97,4916.43,1411.66,12053.27,8.82,8.89
Aurobindo Pharma,524804,AUROPHARMA,Pharmaceuticals - Indian - Bulk Drugs & Formln,533.6,31265.68,11.38,23.78,,51.83,0.12,62.44,576.46,-8.33,5809.37,-3.2,16.52,12.99,18.57,2747.55,23455.49,6.23,9.49,-19.41,4.17,3.57,8.2,30.98,17.06,15.55,11.82,-47.16,-5.96,-2.57,8.16,-5.32,24774.62,9.91,5278.04,2648.15,17.65,2774.64,2692.78,1503.28,2560.68,7165.25,16.52,17.7
Avenue Super.,540376,DMART,Trading,3755.65,243281.5,163.01,278.5,,74.99,0.05,0.79,426.83,3.11,8786.45,18.55,15.87,15.75,8.07,1492.4,30976.27,15.69,21.09,35.81,18.6,25.77,32.3,37.86,13.18,11.8,11.54,18.27,42.04,36.11,10.25,28.3,24143.06,25.16,1744.83,1492.55,30.22,1114.18,-1017.15,-652.4,85.64,-2095.43,15.87,18.05
Axis Bank,532215,AXISBANK,Banks - Private Sector,660.7,202921.48,14.37,18.12,45.99,9.7,8.3,0,4417.73,50.19,18208.52,15.32,5.22,5.59,53.14,14119.29,68846.06,7.1,8.79,96.22,40.85,28.99,9.56,12.87,7.13,8.41,13.63,-10.53,-6.7,5.42,1.41,6.41,64696.42,9.82,29504.39,14119.29,12.09,5727.6,26735.58,11707.98,-34375.42,67782.27,5.22,5.19
Bajaj Auto,532977,BAJAJ-AUTO,Automobiles - Scooters And 3 - Wheelers,3881,112303.34,20.32,26.42,,53.76,0,16.7,1526.16,-17.35,7974.84,-7.23,26.07,23.86,15.84,5527.26,33144.71,2.97,8.79,13.88,5.92,6.25,8.44,5.86,21.02,20.65,19.35,-6.99,9.64,6.56,16.09,19.48,27741.08,6.31,4937.78,6165.87,5.4,4894.94,3679.53,2866,231.21,10115.97,26.07,27.6
Bajaj Consumer,533229,BAJAJCON,Personal Care - Indian,138.65,2045.64,12.06,31.47,,38.04,0,7.93,35.82,-34.49,218.24,-12.33,33.68,26.4,19.76,169.64,879.96,-1.42,2.01,-22.81,-9.23,-5.22,-2.66,3.76,33.39,27.96,21.66,-53.16,-25.47,-18.05,18.59,-4.54,921.81,1.06,243.45,169.64,6.52,201.83,118.08,234.69,-3.35,526.05,33.68,40.82
Bajaj Electrical,500031,BAJAJELEC,Domestic Appliances,960.9,11038.25,82.5,50.18,16.64,62.97,0.05,86.42,39.35,-26.82,1334.32,6.03,10.4,12.63,5.2,133.79,4813.01,-10.27,2.5,-23.67,-4.54,5.73,,,9.13,6.95,8.08,-8.52,24.7,23.1,3.24,5,4583.83,,303.18,128.52,,113.53,871.22,637.68,-56,2105.53,10.4,12.97
Bajaj Finance,500034,BAJFINANCE,Finance & Investments,5667.5,343127.02,48.82,25.9,73.35,55.86,3.78,14.61,2419.51,79.67,8626.57,25.92,10.43,10.2,62.05,7028.23,31632.42,19.61,25.98,58.84,20.74,30.79,34.17,,17.66,16.56,17.43,-7.39,17.36,32.94,3.66,18.62,26668.1,28.76,15828.78,7028.23,,4641.55,-37643.68,-1179.05,516.65,-63735.09,10.43,10.94
Bajaj Healthcare,539872,BAJAJHCARE,Pharmaceuticals - Indian - Bulk Drugs & Formln,308.85,852.38,11.94,23.78,30.11,67.26,0.78,99.05,17.47,-17.9,175.71,32.93,24.61,19.97,17.43,71.39,679.89,22.47,24.14,-14.09,63.21,55.51,37.95,59.98,23.67,27.02,24.33,-11.34,41.94,33.13,11.45,3.49,656.98,17.62,136.38,71.39,17,42.26,-73.5,-70.04,10.08,-145.56,24.61,22.38
Bajaj Holdings,500490,BAJAJHLDNG,Finance & Investments,5001.95,55666.7,13.73,25.9,,51.09,0,8.52,1105.39,16.48,89.46,-3.28,11.3,10.54,72.67,4055.68,429.69,-0.12,-12.6,11.12,9.98,10.4,10.4,9.13,11.13,10.72,10.14,41.87,10.15,18.64,8.33,-6.01,457.18,-2.79,351.67,4055.68,3.82,3280.13,1608.32,270.68,-72.89,3795.16,11.3,11.66
Balkrishna Inds,502355,BALKRISIND,Tyres,2197.7,42485.32,29.6,25,,58.29,0.36,48.23,374.84,-1.34,2374.21,35.4,22.06,24.19,24.22,1435.38,8295.12,16.77,17.38,23.39,24.03,17.4,17.21,18.26,19.57,20.37,22.2,-1.97,40.27,22.89,14.99,43.44,5783.19,11.74,1811.49,1435.38,10.66,977.76,-680.9,415.85,8.1,125.05,22.06,22.08
Bandhan Bank,541153,BANDHANBNK,Banks - Private Sector,323.6,52124.82,414.38,18.12,0.78,39.99,5.45,0,1902.34,1746.39,3871.57,29.02,7.66,4.71,17.76,125.79,13871.12,27.81,28.83,-94.29,-59.9,-35.33,,,13.49,11.41,0.72,1.31,-16.45,,0.11,10.75,12524.21,,5903.52,125.79,,1730.17,691.23,-1164.45,-2159.98,6007.59,7.66,8.32
Barbeque-Nation,543283,BARBEQUE,Hotels,991.2,3859.81,,53.64,-6.58,34.45,1.58,2.43,-0.06,-92.25,251.02,10.9,1.65,3.76,15.54,-25.68,860.55,5.21,11.32,72.2,8.77,,,,-29.06,-39.9,-9.68,20.07,,,-2.25,69.71,507.08,,46.49,-25.6,,-40.31,-33.41,53.61,230.8,117.26,1.65,4.04
BASF India,500042,BASF,Chemicals,2520.6,10911.68,18.65,23.06,,73.33,0.05,73.04,149.85,134.62,3389.56,20.81,20.85,33.77,6.96,585.01,13099.73,29.54,20.89,103.08,168.42,85.27,34.85,19.23,13.43,18.78,28.38,0.27,21.51,11.62,10.4,37.05,9558.34,15.75,632.84,594.84,14.06,201.63,206.23,416.59,73.16,1138.43,20.85,14.48
Bata India,500043,BATAINDIA,Leather / Leather Products,1736.95,22324.59,216.76,57.34,,52.96,0.6,10.96,62.96,113.64,665.25,12.77,10.29,8.16,17.53,102.99,2387.72,-6.61,-0.71,224.84,-32.19,-10.15,-9.75,-4,10.71,6.47,5.77,6.36,6.71,25.86,3,39.76,1708.48,-1.71,168.95,102.99,4.42,180.69,163.79,425.35,39.28,1085.11,10.29,15.07
Berger Paints,509480,BERGEPAINT,Paints / Varnishes,580.75,56411.11,67.74,76.12,8.57,74.99,0.26,43.89,220.66,5.61,2187.51,7.97,26.97,26.21,15.19,832.82,8761.78,13.07,13.99,16.51,19.75,14.35,18.03,16.56,23,23.77,22.8,-27.96,20.67,18.22,12.69,28.52,6817.59,11.19,1182.37,832.82,11.9,625.19,-193.08,611,57.3,711.59,26.97,27.33
Bharat Forge,500493,BHARATFORG,Castings & Forgings,676.6,31501.73,31.24,18.98,,45.25,0.91,75.45,235.72,15.13,3573.09,71.55,7.82,12.47,18.96,1008.28,10461.08,1.03,10.34,356.94,-0.3,10.49,4.77,9.42,13.19,9.65,16.83,-9.53,13.07,2.94,7.03,65.1,6336.26,4.63,832.01,1081.76,5.24,685.76,-458.78,129.47,134.7,235.5,7.82,11.65
Bharat Rasayan,590021,BHARATRAS,Pesticides / Agrochemicals - Indian,11180.9,4645.96,25.8,23.65,387.11,75.05,0.22,130.08,64.54,38.3,444.78,64.85,30.83,28.36,19.59,180.1,1301.15,9.56,16.04,8.87,16.88,26.91,28.14,33.32,28.78,26.86,24.02,-12.4,39.52,30.22,18.01,19.23,1091.27,16.84,240.25,177.13,24.8,143.08,-120.88,159.6,-18.93,242.85,30.83,32
Bharti Airtel,532454,BHARTIARTL,Telecommunications - Service Provider,673.35,381644.9,103.82,28.31,,55.93,2.55,12.7,2007.8,170.54,31500.3,22.34,9.94,11.97,49.37,3675.93,116546.9,13,4.07,167.7,156.2,-3.38,-2.91,-1.23,2.13,2.85,5.86,26.84,23.99,15.39,2.03,15.83,100615.8,2.79,45278.9,4254.9,5.01,1462.65,28995.8,21091.1,-3990.9,47630.5,9.94,8.3
Biocon,532523,BIOCON,Pharmaceuticals - Indian - Bulk Drugs & Formln,339,40700.34,56.4,23.78,6.17,60.64,0.61,91.79,238.6,9.28,2408.8,30.76,10.59,9.05,21.55,721.68,8184,14.07,16.03,-1.24,-0.94,3.44,8.22,7.87,10.02,9.96,8.99,-18.31,9.54,14.45,4.42,15.17,7105.8,14.93,1580.7,648.4,14.64,645.96,-746.1,-577,72.3,-1869.4,10.59,10.72
Birla Corpn.,500335,BIRLACORPN,Cement - North India,859.9,6622.09,15.7,17.99,51.76,62.9,0.72,14.81,111.08,-53.43,2264.21,6.17,10.58,8.16,14.88,421.89,7461.22,4.44,11.41,-38.73,19.07,20.26,18.49,6.56,8.56,10.42,7.32,-30.75,10.8,-1.21,3.15,9.96,6785.45,12.81,1351.55,398.59,12.55,406.53,262.91,525.61,45.05,1143.75,10.58,9.43
Birlasoft Ltd,532400,BSOFT,Computers - Software - Medium / Small,357.3,9994.52,21.55,26.37,16.59,40.4,0.05,60.19,132.9,34.27,1101.44,21.99,21.92,25.12,15.5,463.74,4130.35,17.43,4.46,44.65,20.16,16.29,11.22,12.3,15.73,16.12,19.47,-11.21,57.79,37.33,14.54,16.16,3555.72,4.72,529.28,463.64,10.66,304.62,218.94,533.21,16.53,1010.2,21.92,19.88
Blue Dart Expres,526612,BLUEDART,Couriers,7208.4,17105.53,41.87,25.15,,75,1.22,48,136.97,52.19,1165.91,20.41,28,40.65,22.67,408.52,4410.49,11.59,10.4,252.57,65.45,23.88,17.85,12.63,27.97,30.97,55.81,20.89,38.71,10.52,14.27,34.13,3288.13,9.94,686.29,382.21,11.42,159.04,689.33,589.75,-14,1445.71,28,25.91
Blue Star,500067,BLUESTARCO,Air-conditioners,957.8,9224.94,55.01,40.09,,38.78,0.54,71.83,76.16,12.05,2247.58,39.47,17.27,20.04,5.73,167.71,6045.58,4.92,6.63,124.51,-3.93,6.44,8.42,13.66,16.99,14.82,17.63,16.27,6.32,8.6,4.27,41.8,4263.59,9.6,239.81,167.71,7.92,143.4,-126.14,367.17,41.78,609.57,17.27,19.25
Bodal Chemicals,524370,BODALCHEM,Dyes And Pigments,94.55,1158.06,10.37,21.44,3.43,58.94,0.55,87.19,30.87,32.66,597.3,38.03,9.83,12.44,10.71,111.71,2050.62,12.94,10.7,180.61,-7.15,-2.92,2.84,17.99,12.16,8.47,11,-14.47,-5.16,-10.04,5.78,67.2,1226.43,10.14,86.74,107.67,12.82,99.73,-169.85,-191.15,-2.55,-403.54,9.83,14.46
Borosil Renew.,502219,BORORENEW,Glass & Glass Products,637.95,8318.62,50.16,28.76,12.72,61.69,0.2,33.74,46.38,-30.64,179.05,-7.7,22.12,27.22,37.95,165.85,644.22,43.78,19.26,85,52.45,32.03,28.18,23.1,12.03,17.08,23.71,128.86,135.83,61.29,18.04,28.26,502.27,20.44,197.38,165.85,17.73,69.1,-199.68,134.26,1.36,-143.89,22.12,15.91
Britannia Inds.,500825,BRITANNIA,Food - Processing - MNC,3360.85,80952.22,53.4,54.08,,50.55,0.97,8.57,379.87,4.97,3550.45,13.41,41.54,41.51,15.57,1516,14136.26,8.54,9.32,-18.09,9.49,11.38,15.22,23.71,38.01,42.03,49.66,-5.54,3.89,13.13,19.54,7.61,13136.14,8.75,2509.29,1524.82,9.93,1386.34,752.5,1637.18,66.19,3630.77,41.54,42.82
Camlin Fine,532834,CAMLINFINE,Chemicals,112.8,1771.39,29.34,23.06,3.87,17.56,0.86,77.46,15.13,-6.59,389.23,19.17,12,10.21,10.81,60.37,1412.09,16.54,21.47,18.5,370.4,73.22,1.51,34.57,5.35,9.11,8.97,-35.67,33.09,5.64,3.69,18.95,1187.1,14.18,186.89,60.68,15.46,23.56,-68.34,33.58,23.15,-82.74,12,9.58
CCL Products,519600,CCL,Tea,360.05,4789.67,23.44,12.51,,46.26,0.45,79.78,52.7,7.11,376.23,13.47,16.88,16.06,22.64,204.35,1462.03,10.57,8.41,12.12,9.68,8.72,11.74,18.89,18.87,18.06,17.48,1.08,11.58,4.99,10.59,17.67,1242.48,7.51,297.75,204.35,11.28,171.12,-89.19,16.22,81.82,-70.91,16.88,18.06
Century Plyboard,532548,CENTURYPLY,Miscellaneous,559.15,12422.8,39.68,23.2,,73.04,0.15,42.5,88.55,2.2,901.05,20.95,21.76,29.73,17.54,313.06,3027.02,9.9,10.73,57.86,27.73,10.45,11.27,8.7,17.79,17.47,22.17,33.51,50.8,12.81,15.5,42.09,2130.36,9.65,335.51,313.06,6.15,189.33,18.58,316.99,4.44,712.19,21.76,20.15
CESC,500084,CESC,Power Generation And Supply,78.05,10346.08,7.61,37.31,10.04,52.11,1.44,60.96,424,0.24,3011,4.19,13.01,12.36,23.25,1359,12544,5.56,8.45,3.11,4.65,15.32,31.9,19.15,12.74,13.52,13.41,1.83,0.91,2.02,3.83,7.78,11638.61,1.81,3300.24,1359,7.85,1202.64,1729,2144.1,-422.81,6368.12,13.01,12.88
Cholaman.Inv.&Fn,511243,CHOLAFIN,Finance & Investments,650.35,53406.92,24.8,25.9,26.23,51.55,5.88,2.57,686.74,180.15,2605.07,5.07,9.74,9.33,71.09,2153.51,10140.75,12.57,16.66,41.57,21.63,24.57,25.29,30.41,18.41,17.65,20.16,15.66,29.94,25.55,2.74,5.82,9583.31,15.43,6725.81,2153.51,18.98,1368.59,-5665.32,-8873.34,-1898.36,-16683.91,9.74,10.12
City Union Bank,532210,CUB,Banks - Private Sector,136.9,10124.92,13.32,18.12,8.02,0,7.85,0,208.96,87.93,1049.92,7.54,6.27,6.14,58.82,760.17,4104.78,2.9,5.28,28.27,3.74,8.62,10.13,10.5,12.48,11.1,13.01,-19.09,-14.24,-1.05,1.43,-0.72,4134.68,6.17,2380.54,760.17,9.24,620.4,1102.66,883.84,893.41,3763.14,6.27,6.7
Coal India,533278,COALINDIA,Mining / Minerals / Metals,198.5,122330.16,7.05,16.65,,66.13,0.08,37.82,6692.94,45.92,32706.77,22.5,56.79,54.25,22.5,17358.1,109713.5,3.28,7.02,36.67,-0.2,13.34,3.42,1.62,47.78,45.19,43.58,22.04,-8.25,-5.28,10.18,21.87,90026.01,5.76,18571.49,17358.1,4.24,14251.1,29091.93,-427.69,2443.32,28052.18,56.79,62.9
Coforge,532541,COFORGE,Computers - Software - Medium / Small,3483.2,21216.99,32.06,26.37,108.65,40.09,0.18,78.84,207.7,56.17,1742.9,38.16,28.65,32.56,17.13,661.7,6432,20.5,18.08,40.91,17.42,20.06,23.58,13.05,20.7,21.65,25.45,-12.46,37.48,44.37,16.94,37.94,4662.8,15.31,781.1,661.7,15.1,451.95,618.1,686.6,-19.6,1531.3,28.65,28.03
Colgate-Palmoliv,500830,COLPAL,Personal Care - Multinational,1517.1,41262.94,38.27,59.16,,51,0.05,16.08,323.57,2.83,1301.27,1.41,82.7,92.03,30.71,1078.32,5099.78,4.55,5.07,4.09,12.58,13.31,9.84,9.22,60.36,67.36,74.35,-10.82,8.92,7.01,37.21,5.34,4841.22,3.6,1510.32,1078.32,6.59,873.51,1576.19,726.52,-101.24,3171.92,82.7,78.58
Coromandel Inter,506395,COROMANDEL,Fertilizers,926.2,27205.09,17.8,11.09,52.08,57.53,0.06,5.06,289.79,85.94,4226.81,49.64,30.65,34.59,11.25,1528.46,19110.85,13.06,13.76,14.68,27.35,26.32,20.84,8.2,26.36,27.43,26.56,9.02,29.71,16.57,15.15,34.46,14213.48,7.79,2020.62,1528.46,6.8,1072.83,1801.46,3957.59,629.17,7365.17,30.65,27.68
Craftsman Auto,543276,CRAFTSMAN,Auto Ancillaries,2346.6,4957.97,30.57,22.01,,59.76,0.7,48.77,51.46,8.84,656.67,22.25,14.93,18.03,24.09,162.18,2217.02,6.84,15.01,67.21,18.66,15.34,,,11.29,11.66,15.41,30.57,,,6.45,42.12,1559.95,,438.24,163.09,,86.39,116.9,266.31,-28.49,550.48,14.93,14.88
CreditAcc. Gram.,541770,CREDITACC,Finance & Investments,1072.35,16721.26,43.76,25.9,24.52,73.85,2.66,0,151.37,109.45,693.66,14.21,9.68,9.69,57.88,382.14,2289.39,21.32,26.45,168.38,5.89,36.62,34.21,63.17,11.16,9.01,10.09,48.4,22.34,,2.78,12.92,2027.53,35.14,958.78,382.14,43.5,277.26,-1991.55,-375.65,1309.97,-4690.68,9.68,11.03
Cupid,530843,CUPID,Miscellaneous,221.95,296.04,17.13,23.2,,45.06,0.06,81.16,4.19,-35.24,32.42,-22.25,30.61,17.49,19.92,17.28,137.04,17.04,10.38,-40.37,4.55,-3.43,12.22,40.17,24.93,25.03,12.66,-1.31,20.14,-1.38,10.59,-4.31,143.21,17.45,36.2,17.28,18.09,23.63,1.6,38.01,0.05,47.36,30.61,31.79
Cyient,532175,CYIENT,Computers - Software - Medium / Small,808.85,8925.98,17.09,26.37,47.35,23.41,0.18,59.03,154.2,49.56,1181.2,8.06,17.54,20.42,18.04,522.3,4534.4,-0.6,4.81,43.57,2.87,7.77,5.84,12.36,16.21,14.68,17.2,-1.14,12.83,9.02,11.31,9.73,4132.4,7.48,575,522.3,11.31,422.74,571.9,760.9,499.4,1701.4,17.54,19.49
Dabur India,500096,DABUR,Personal Care - Indian,502.25,88985.03,49.32,31.47,9.84,67.38,0.12,21.66,294.22,-5.23,2517.81,7.75,27.43,27.21,20.68,1804.38,10888.68,8.54,7.42,6.59,6.42,7.13,7.98,10.93,24.44,23.57,22.49,-11.14,7.09,11.97,15.64,14.06,9546.6,4.89,2001.67,1739.22,7.48,1575.19,1433.13,1808.34,97.04,4454.6,27.43,27.78
Dalmia BharatLtd,542216,DALBHARAT,Cement - South India,1288.3,24138.71,21.07,11.7,65.79,55.9,0.31,22.25,595,-5.68,3380,7.27,7.57,8.24,21.54,1145.62,11286,5.97,8.68,-5.29,79.32,118.51,,,5.35,7.31,9.08,-27.89,3.24,,5.39,7.26,10522,,2791,1144,,591.43,181,2558,-11,3734,7.57,6.45
DCB Bank,532772,DCBBANK,Banks - Private Sector,81.9,2547.33,8.86,18.12,9.25,14.86,9.1,0,113.44,45.6,919.92,9.87,7.13,6.71,59.58,287.5,3512.77,4.92,11.09,-14.4,-4.06,7.55,5.99,17.38,9.53,9.06,7.65,-26.38,-29.93,-16.59,0.73,1.58,3458.21,13.79,2222.51,287.5,17.22,306.58,1449.46,-1581.5,-506.53,-33.09,7.13,7.2
Deepak Nitrite,506401,DEEPAKNTR,Chemicals,1853.4,25279.09,23.7,23.06,,45.72,0.09,60.58,267.21,-7.89,1872.35,27.96,41.05,44.57,23.57,1066.64,6802.19,36.07,37.77,37.42,82.28,87.12,53.56,,34.23,40.15,37.52,3.44,87.36,64.56,26.68,56.02,4359.75,26.3,1252.02,1066.64,,543.46,637.69,790.44,6.75,1776.79,41.05,32.77
Delta Corp,532848,DELTACORP,Miscellaneous,191.9,5132.27,71.68,54.6,2.51,33.23,0,1.82,48.11,-3.44,218.32,3.3,6.62,5.61,20.98,71.6,616.13,-8.25,6.27,436.1,-26.33,0.98,26.72,3.65,6.16,4,3.61,4.55,-0.32,3.62,3.27,47.09,418.87,10.83,22.11,66.99,5.38,110.74,98.33,42.86,-34.18,394.03,6.62,9.78
Den Networks,533137,DEN,Entertainment / Electronic Media Software,35.8,1708.46,9.99,50.36,,74.9,0,21.44,49.97,43.43,303.46,-6.98,3.96,6.08,16.42,171.08,1225.6,0.54,1.15,207.92,55.52,24.65,18.1,28.8,1.42,3.31,5.97,-41.41,-11.44,-15.36,4.92,-6.26,1307.4,1.17,249.82,175.95,0.82,30.08,27.01,108.58,-9.01,330.54,3.96,3.07
Dhanuka Agritech,507717,DHANUKA,Pesticides / Agrochemicals - Indian,709,3302.4,15.81,23.65,,70,0.03,69.77,54.4,11.84,318.3,15.51,31.78,31.25,17.83,208.89,1477.78,13.68,10.84,0.47,23.59,11.6,10.17,13.83,22.55,24.18,23.78,-25.95,22.73,-4.35,17.1,6.51,1387.47,9.46,269.27,208.89,10.82,158.78,46.11,218.8,-24.61,416.6,31.78,29.74
Divi's Lab.,532488,DIVISLAB,Pharmaceuticals - Indian - Bulk Drugs,3528.05,93658.64,31.64,20.38,,51.94,0,98.74,894.64,78.21,2518.44,40.84,31.2,35.04,43.33,2960.45,8959.83,21.9,17.13,49.01,29.82,22.77,19.37,18.7,22.4,24.21,28.16,-18.61,31.98,40.48,24.52,28.56,6969.4,16.29,2867.13,2960.45,17,1703.35,1198.6,1036.89,1987.17,2268.58,31.2,29.34
Dixon Technolog.,540699,DIXON,Electronics - Consumer,3609.25,21417.99,112.63,79.48,27.28,34.3,0.47,46.28,62.97,42.27,2952.75,39.96,29.63,25.33,3.54,190.17,10697.08,53.04,34.21,19.04,44.48,31.71,48.9,40.21,23.15,23.94,21.93,-13.85,99.38,,5.34,65.89,6448.17,36.66,292.2,190.17,34.02,118.92,-144.63,2.16,-31.82,-13.22,29.63,29.7
Dr Lal Pathlabs,539524,LALPATHLAB,Healthcare,2077.4,17315.52,50.15,26.8,41.37,55.23,0.35,14.93,61.3,-26.5,485.5,12.65,31.37,29.44,26.89,345.26,2087.41,20.15,18,18.34,20.14,17.41,20.13,22.65,23.95,24.35,25.08,-35.38,24.62,18.34,17.49,32.01,1581.27,17.89,436.45,344.83,19.82,246.39,-27.8,338.98,47.58,516.13,31.37,32.45
Dr Reddy's Labs,500124,DRREDDY,Pharmaceuticals - Indian - Bulk Drugs & Formln,4351.55,72421.13,33.18,23.78,117.35,26.72,0.18,113.11,97,-82.59,5474.9,14.82,13.78,14.53,17.49,2182.5,21545.2,11.73,8.7,11.67,5.67,11.75,-0.7,4.6,11.73,12.29,11.78,-20.2,18.89,10.59,7.75,13.11,19047.5,5.29,3874.1,2182.5,8.18,1781.85,1237.4,2322.7,1285.8,5971.7,13.78,12.5
eClerx Services,532927,ECLERX,Computers - Software - Medium / Small,2118.9,7167.48,17.17,26.37,80.99,53.38,0.1,55.63,118.76,20.35,591.67,25.14,25.43,33.13,30.58,417.4,2160.35,14.73,10.19,56.67,22.47,3.34,8.9,10.06,19.43,19.62,26.29,31.35,32.45,9.93,20.58,38.09,1564.49,12.59,449.53,417.4,16.41,278.87,387.65,325.85,174.46,1012.75,25.43,25.44
Eicher Motors,505200,EICHERMOT,Automobiles - Motorcycles / Mopeds,2712.85,74177.15,44.24,38.23,61.32,49.21,0.01,10.71,610.14,15.97,3193.32,8.6,19.56,18.23,21.09,1676.6,10297.83,1.68,7.92,24.38,-8.7,0.11,16.32,18.91,19.46,15.08,13.94,-1.22,10.5,-1.56,10.9,18.09,8720.35,2.37,1783.23,1676.6,6.12,1803.45,888.34,1176.03,50.91,3214.01,19.56,27.17
Endurance Tech.,540153,ENDURANCE,Auto Ancillaries,1311.95,18454.26,38.11,22.01,,75,0.11,46.92,136.19,-27.29,2078.8,-2.54,17.26,14.59,12.78,484.25,7549.14,0.18,6.2,-7.08,-1.24,8.16,10.33,10.35,17.45,15.88,12.94,-12.38,3.5,8.4,8.35,15.35,6544.39,6.32,1040.22,460.71,7.02,493.14,222.02,310.08,-107.59,996.31,17.26,19.45
Engineers India,532178,ENGINERSIN,Engineering - Turnkey Services,61.6,3462.18,24.81,14.09,,51.32,0,48.37,79.13,4242.93,817.8,-27.75,26.45,25.53,11.81,139.52,2912.78,5.57,14.51,-58.05,-27.65,-15.81,-9.19,-13.82,14.76,14.39,7.93,-26.58,-19.4,-16.49,3.24,-7.36,3144.17,7.63,351.97,139.52,-2.43,329.19,22.84,159.98,43.31,540.9,26.45,25.13
Equitas Sma. Fin,543243,EQUITASBNK,Banks - Private Sector,39.35,4930.19,17.56,18.12,2.24,74.59,6.05,0,119.51,5.88,895.83,9.47,8.48,7.51,36.47,280.73,3459.67,17.88,28.67,-26.93,10.05,21.94,,37.28,8.76,10.14,8.27,-35.01,,,1.14,8.3,3194.41,,1605.98,280.73,88.19,230.26,68.48,1995.27,847.23,2431.22,8.48,8.38
ERIS Lifescience,540596,ERIS,Pharmaceuticals - Indian - Formulations,657.3,8936.52,22.02,24.96,29.88,52.66,0.04,43.62,80.3,17.19,305.95,9.97,25.77,25.01,36,405.79,1347.05,11.11,12.44,15.02,11.89,10.71,24.69,27.09,26.65,23.87,23.29,-6.83,9.7,,20,11.16,1211.86,13.78,430.77,406.11,17.27,326.31,257.99,349.64,-30.39,732.99,25.77,27.19
Escorts,500495,ESCORTS,Automobiles - Tractors,1576.6,20801.76,28.28,25.2,64.63,28.1,0.01,39.97,190.92,-28.42,1878.51,-15.71,19.61,15.42,12.74,735.61,7238.43,4.95,11.79,-15.32,15.85,40.31,33.16,19.72,15.12,14.74,11.35,29.35,39.94,16.3,9.2,3.19,7014.42,8.41,1126.02,736.47,5.85,579.79,-143.6,1013.1,-63.15,1476.51,19.61,20.66
Exide Inds.,500086,EXIDEIND,Auto Ancillaries,146.8,12478,2.86,22.01,,45.99,0.05,31.33,3959.24,1134.6,3522.53,16.49,30.34,49.61,10.94,4356.84,12789.22,-4.58,2.73,442.41,78.01,40.3,32.68,25.59,22.45,26.86,48.8,-23.36,-11.24,-8.13,20.46,-16.39,15296.89,4.38,1590.68,4366.93,9.27,1485.24,99.76,1763.57,10.96,2887.4,30.34,27.63
Federal Bank,500469,FEDERALBNK,Banks - Private Sector,91.7,19289.18,9.79,18.12,9.37,0,11.18,0,587.54,12.72,3686.3,4.85,5.72,5.28,59,1969.79,14381.53,7.32,10.36,18.45,14.72,17.84,9.29,10.09,10.67,11.25,11.94,6.57,-4.44,-4.28,0.97,0.47,14314.08,9.77,8800.57,1969.79,9.93,1489.93,-8061.83,11052.55,7058.43,6575.86,5.72,5.88
Fermenta Biotec.,506414,,Pharmaceuticals - Indian - Bulk Drugs,201,591.56,39.28,20.38,,59.58,0.64,79.76,7.68,74.94,96.16,-3.35,10.62,7.31,15.42,15.06,398.52,-0.41,19.43,-64.7,-50.25,30.27,63.73,0.16,20.8,11.77,4.11,-37.85,-12.55,27.89,2.16,6.07,375.7,15.91,82.85,15.45,12.86,54.21,6.4,7.34,20.52,-20.27,10.62,18.3
Firstsour.Solu.,532809,FSL,Computers - Software - Medium / Small,104.8,7323.01,13.65,26.37,7.69,53.66,0.59,59.21,132.39,17.64,1543.93,5.54,14.93,16.14,16.21,536.53,5921.15,15.67,10.74,17.46,12.69,14.29,12.76,25.38,15.37,15.73,18.4,-35.74,26.8,26.98,10.23,16.6,5077.98,10.02,839.14,537.37,10.14,404.82,649.25,806.02,-53.42,1752.46,14.93,14.73
Fortis Health.,532843,FORTIS,Healthcare,244.25,18439.85,48.77,26.8,,31.17,0.2,32.7,67.97,57.4,1378.1,10.03,5.89,10.87,18.7,378.08,5717.61,8.56,4.57,823.6,65.62,-2.23,25.88,19.34,0.32,2.01,6.15,4.83,23.03,4.99,4.73,41.87,4030.12,5.37,404.45,555.12,8.13,18.68,750.12,273.96,212.01,1059,5.89,5.51
GAIL (India),532155,GAIL,Miscellaneous,149.1,66206.14,5.4,10.49,,51.8,0.14,29.3,3454.24,38.91,27295.24,73.44,19.25,23.32,16.33,12256.07,92769.83,6.78,13.83,99.82,22.26,30.53,21.62,10.66,16.25,17.64,20.9,-8.95,-1.3,0.83,13.83,61.7,57371.91,6.28,7245.04,12256.07,7.72,7861.37,2690.05,3309.43,882.46,5109.43,19.25,19.12
Galaxy Surfact.,540935,GALAXYSURF,Detergents / Intermediates,2877.65,10202.64,38.83,18.52,,70.93,0.27,63.19,98.4,25.06,1052.94,34.39,22.49,19.08,10.87,262.78,3685.71,10.1,11.3,-13.34,11.05,12.22,21.44,,22.77,22.19,18.28,-7.01,36.1,,11.3,32.47,2782.37,10.18,448.83,262.78,,229.51,-149.79,257.77,33.81,282.44,22.49,23.62
Garware Hi Tech,500655,GRWRHITECH,Packaging,692.85,1609.66,9.63,12.21,,60.72,0.12,9.32,45.12,41.89,323.51,12.43,12.26,13.8,18.28,167.18,1302.63,11.18,8.31,33.73,27.79,49.55,38.55,18.5,6.89,8.36,10.21,-24.1,39.86,40.86,8.36,31.71,989.03,5.49,218.77,167.18,5.06,98.08,63.57,138.78,37.69,247.82,12.26,10.29
Gateway Distr.,532622,GDL,Miscellaneous,280.35,3499.77,19,19.11,,32.14,0.46,40.22,48.07,44.16,349.28,11.31,8.28,8.66,27.01,184.23,1364.86,43.93,24.91,211.04,7.75,-0.95,-5.13,-0.36,7.33,7.36,6.67,-9.62,29.18,2.54,3.9,20.98,1292.01,2.2,309.32,94.33,6.95,87.48,268.81,253.22,-52.15,633.6,8.28,8.35
Gati,532345,GATI,Couriers,138.1,1698.2,12.44,25.15,-18.69,51.66,0.58,56.92,-22.38,-1848.64,376.73,-7.36,0.54,1.68,2.31,136.56,1489.94,-7.18,-2.5,445.14,95.98,66.6,18.28,25.83,2.45,0.93,25.17,-4.5,24.65,1.88,11.07,13.37,1314.24,-1.43,27.68,8.87,2.16,16.28,31.48,101.24,8.81,135.52,0.54,4.13
Gillette India,507815,GILLETTE,Personal Care - Multinational,4954.15,16145.57,64.77,59.16,76.5,75,0,35.95,69.31,-34.4,566.52,5.57,45.41,51.04,19.78,249.27,2139.25,6.22,2.75,-23.96,10.04,7.62,29.25,13.56,34.25,32.71,36.44,-15.27,-12.67,0.38,22.56,11.16,1679.06,2.75,359.86,310.38,6.74,256.67,352.99,189.67,90.77,601.37,45.41,49.26
Gland Pharma,543245,GLAND,Pharmaceuticals - Indian - Bulk Drugs,2782.9,45800,37.78,20.38,73.78,58,0,99.43,285.98,9.8,1103.01,24.25,27.07,24.85,34.33,1212.16,4400.71,29.12,24.37,21.58,37.62,23.99,,,19.31,20.39,18.56,-11.6,,,16.92,27.08,3462.88,,1302.26,1212.16,,751.04,269.57,376.58,322.42,1176.32,27.07,26.5
Godrej Agrovet,540743,GODREJAGRO,Food - Processing - Indian,525.55,10098.97,24.35,37.65,20.96,71.64,0.7,41.81,122.29,116.1,2080.75,42.28,17.9,17.96,8.01,414.74,8306.09,11.96,11.08,32.18,18.3,13.67,12.54,,17.58,17.72,19.2,-5.39,1.61,,8.33,32.54,6266.71,14.04,563.89,402.59,,301.88,-388.02,-251,-0.12,-656.77,17.9,19.09
Godrej Consumer,532424,GODREJCP,Personal Care - Indian,749.95,76688.47,42.81,31.47,16.83,63.22,0.15,33.19,363.24,-9.24,2915.82,6.78,18.97,18.53,19.51,1791.34,12276.5,5.98,5.78,2.64,-5.64,6.69,10.22,12.05,22.13,19.04,17.06,-16.63,3.27,3.6,11.79,11.31,11028.62,5.8,2399.26,1783.39,9.72,1739.42,1174.05,1865.77,-78.74,4475.91,18.97,19.57
Godrej Industrie,500164,GODREJIND,Chemicals,466.65,15706.71,22.61,23.06,9.94,67.19,2.04,43.29,227.24,1584.07,4444.87,70.26,9.58,10.13,7.38,694.73,14130.15,9.21,11.05,121.03,12.31,23.3,14.01,11.93,8.53,7.96,9.47,-15.68,-0.55,-5.35,3.36,51.39,9333.51,6.49,313.84,653.73,9.81,446.65,-2256.11,-1399.26,-47.21,-3644.42,9.58,9.81
Godrej Propert.,533150,GODREJPROP,Construction,1313.4,36512.57,104.16,24.85,12.68,58.43,0.6,38.34,260.47,235.02,1330.64,207.56,4.39,5.12,-3.05,350.55,1824.88,-13.48,2.89,258.15,17.87,12.4,12.49,16.02,2.45,1.87,4.13,-7.62,13.79,20.89,2.06,138.57,764.92,-0.14,-449.43,352.37,9.01,108.52,-591.95,-796.53,270.68,-1683.26,4.39,4.62
Granules India,532482,GRANULES,Pharmaceuticals - Indian - Bulk Drugs,273.8,6790.4,16.45,20.38,22.18,41.98,0.43,89.67,111,-12.99,1029.97,28.86,19.89,17.31,19.18,412.76,3764.92,18.21,21.7,-24.92,20.37,20.28,24.1,30.01,19.17,21.04,17.34,-17.59,37.75,14.2,10.04,16.29,3237.54,16.51,855.62,412.76,19.13,329.48,-64.68,161.47,-144.09,388.68,19.89,17.79
Graphite India,509488,GRAPHITE,Electrodes - Graphites,428.25,8366.96,16.57,12.91,,65.34,0.09,65.14,95,48.44,844,49.38,5.12,13.76,15.17,505,3026,-27.25,15.57,1749.79,-47.2,48.57,38.12,10.01,24.21,3.65,10.64,-42.07,0.75,29.38,8.54,54.58,1957.62,8.49,-215.17,505,4.7,996.49,-577,509.66,-133.89,140.98,5.12,33.47
Grasim Inds,500300,GRASIM,Textiles - Manmade,1326.5,87322.89,11.51,6.87,65.42,42.76,0.98,20.71,2777.15,61.91,28811.39,18.07,11.27,12.26,21.35,7589.13,95701.13,7.42,21.55,73.93,44.37,19.46,24.88,12.07,7.68,9,10.75,-11.01,14.3,8.05,4.05,36.79,69963.35,17.08,12194.4,7549.78,14.25,4472.5,-1467.47,11148.18,-446.32,21318.77,11.27,11.12
Gufic BioScience,509079,GUFICBIO,Pharmaceuticals - Indian - Bulk Drugs & Formln,221.6,2148.29,22.42,23.78,5.68,75.48,0.21,70.99,20.26,57.42,162.19,22.94,33.36,46.93,18.7,95.84,779.16,30.48,26.02,116.78,63.54,60.42,56.54,51.25,34.2,34.26,43.31,18.57,43.59,24.97,20.98,59.76,487.7,26.8,83.92,95.84,25.38,40.05,15.71,74.85,1.94,97.83,33.36,32.72
Gujarat Gas,539336,GUJGASLTD,Miscellaneous,483.4,33276.78,25.67,23.2,,60.89,0.11,20.63,444.39,30.17,4669.39,35.97,31.13,30.37,12.62,1296.3,16456.22,28.51,26.44,1.25,44.42,41.67,16.35,,28.97,32.15,25.56,-19.94,37.74,24.75,14.35,67,9854.25,8.99,2108.78,1287.37,,900.88,295.47,904,-272.78,2023.83,31.13,26.58
Hatsun Agro,531531,HATSUN,Food - Processing - Indian,887.6,19134.15,87.81,45.39,,74.26,1.75,0.45,25.19,-55.92,1626.26,4.04,15.22,13.71,10.85,217.91,6370.36,10.2,8.7,-12.17,22.09,10.14,28.83,23.9,20.6,20.06,20.46,-4.21,18.2,15.47,6.55,14.37,5569.74,11.72,781.59,217.91,14.79,157.59,576.38,105.13,-6.62,693.52,15.22,14.93
Havells India,517354,HAVELLS,Electric Equipment,1123.45,70385.04,58.83,22.99,19.1,59.47,0.08,20.07,352.48,16.01,4426.26,32.55,26.45,27.23,12.63,1196.47,13938.48,11.43,17.86,19.21,14.81,16.1,17.52,12.26,19.92,20.16,21.41,10.46,12.84,17.61,12.35,33.29,10457.3,7.38,1589.19,1196.47,8.01,878.77,1475.07,537.66,86.92,2480.2,26.45,26.94
Hawkins Cookers,508486,HAWKINCOOK,Domestic Appliances,5263.95,2784.63,33.19,50.18,158.65,56.03,0.2,20.13,21.37,-10.85,271.83,11.68,55.92,50.44,12.5,83.89,958.01,13.64,13.35,4.03,15.66,12.09,14.7,10.8,48.17,49.05,42.93,-12.31,21.23,12.22,20.93,24.67,768.46,10.75,110.8,83.89,11.07,67.98,-72.04,175.05,29.39,158.03,55.92,57.02
HBL Power System,517271,HBLPOWER,Dry Cells,94.7,2625.04,30.66,33.18,,58.97,0.07,86.41,33.44,171.8,373.94,24.74,7.83,13.29,11.24,85.61,1236.21,-0.79,-2.66,400.35,53.24,18.4,17.83,15.21,4.82,5.3,10.39,101.7,57.58,17.69,7.89,35.54,912.04,-1.24,67.37,93.9,-2.32,37.28,41.11,85.7,-14.45,266.44,7.83,7.8
HCL Technologies,532281,HCLTECH,Computers - Software - Large,1015.35,275531.99,20.41,26.34,,60.72,0.1,65.95,3593,226.04,22597,15.05,26.17,25.65,23.97,13499,85651,12.33,12.48,22.79,10.54,9.51,11.19,23.45,22.86,21.77,22.16,3.25,22.37,18.6,15.45,13.63,75379,15.03,20048,13499,18.47,10807.96,15345,17865,2761,44740,26.17,27.54
HDFC AMC,541729,HDFCAMC,Finance & Investments,1868.35,39851.94,28.61,25.9,65.32,68.81,0,11.2,343.55,8.69,516.28,2.65,40.32,36.17,78.78,1393.11,2428.72,5.39,9.14,5.08,14.39,20.42,,,31.94,30.38,27.03,-39.59,0.12,,25.39,10.7,2194.02,,1805.59,1393.13,,1124.64,1243.56,1073.74,-24.96,3572.37,40.32,43.83
HDFC Bank,500180,HDFCBANK,Banks - Private Sector,1351.1,750130.63,19.71,18.12,68.62,25.78,7.2,0,10443.01,23.82,35574.19,9.1,6.62,6.36,57.16,38052.75,135936.41,8.93,13.16,19.66,19.48,20.06,19.9,21.91,17.23,17.1,18.14,-9.1,3.64,10.12,2.12,5.74,128552.39,15.14,76095.85,38052.75,17.04,27582.21,-14175.9,40795.59,33332.41,8133.68,6.62,6.92
HDFC Life Insur.,540777,HDFCLIFE,Finance & Investments,593.1,125326.39,103.77,75.77,5.72,51.53,0.04,0,357.52,12.45,15834.39,-17.33,16.56,10.78,1.1,1207.69,65401.78,19.46,16.37,-11.21,-1.84,6.24,6.34,16.2,17.62,14.86,10.01,-13.11,10.39,,0.62,-8.5,71477.43,13.35,1236.55,1207.69,20.14,1249.77,5485.83,9643.76,1386.05,22463.29,16.56,19.44
Hero Motocorp,500182,HEROMOTOCO,Automobiles - Motorcycles / Mopeds,2601.95,51991.81,22.44,38.23,115.95,34.75,0.04,26.66,611.34,-30.6,7496.55,-13.73,23.35,19.17,10.98,2316.88,29551.28,-4.54,0.65,-17.05,-11.57,-7.67,0.39,,22.15,18.37,14.82,-13.39,-1.57,-7.16,10.22,-4.55,30959.19,1.01,4057.62,2316.88,,3012.64,1544.86,3536.61,-30.69,9311.8,23.35,29.73
High Energy Bat.,504176,,Electric Equipment,1329.75,238.03,13.27,22.99,,40.97,0.44,90.39,4.75,-7.59,25.65,10.37,35.73,36.36,37.05,17.94,79.55,19.5,11.01,-2.13,244.18,86.99,21.57,47.03,33.08,40.72,36.75,5.16,91.96,30.08,18.57,2.21,77.83,13.59,30.11,17.95,3.57,9.12,15.59,8.44,5.5,34.78,35.73,28.32
Hikal,524735,HIKAL,Pharmaceuticals - Indian - Bulk Drugs,267.8,3301.99,20.57,20.38,,68.77,0.63,82.24,20.71,-59.33,502.35,-5.65,14.98,15.2,17.53,160.51,1942.72,6.92,13.89,20.57,15.9,17.16,21.78,10.25,14.18,14.59,16.04,-42.94,17.37,14.36,7.78,12.92,1720.44,12.13,322.89,160.51,10.62,113.75,20.69,71.42,-24.05,219.05,14.98,14.65
Himatsing. Seide,514043,HIMATSEIDE,Textiles - Products,113.35,1116.04,7.93,23.77,,47.57,1.99,45.79,8.04,-78.6,764.78,2.51,7.14,9.43,16.66,140.82,3183.95,6.75,8.29,363.91,-9.93,-4.27,6.44,15.76,7.66,2.71,10.11,-34.71,-12.05,-19.53,2.62,40.99,2258.32,7.31,290.42,140.82,8.34,100.95,-79.74,448.59,20.11,563.21,7.14,9.06
Hind. Unilever,500696,HINDUNILVR,Personal Care - Multinational,2199.9,516886.58,58,59.16,34.03,61.9,0.02,15.56,2304,4.05,13767,10.73,37.78,24.35,24.51,8911.89,52446,10.09,9.6,9.01,12.82,15.65,13.44,12.99,35.79,28.42,18.43,-7.04,6,14.88,12.82,11.52,47028,7.33,11625,8879,8.39,7082.94,7995,5097,-1374,19905,37.78,48.34
Honeywell Auto,517174,HONAUT,Electronics - Components,32697,28904.15,85.23,35.73,383.57,75,0.02,83.58,72.67,-30.14,667.98,-0.7,24.71,16.7,14.69,339.13,2948.32,-2.44,4.11,-26.28,-1.85,14.82,13.87,12.22,19.15,18.31,12.52,-19.82,8.24,22.73,8.52,-3.1,3042.78,2.96,591.91,339.13,6.22,380.39,252.76,317.11,-32.16,840.76,24.71,27.07
Huhtamaki India,509820,HUHTAMAKI,Packaging,165.7,1251.4,75.57,12.21,,67.73,0.57,87.52,24.61,52.2,728.51,15.21,12.3,2.22,4.23,16.56,2721.45,3.48,3.78,-80.48,-57.36,-50.99,-36.93,-26.11,11.06,12.29,0.32,-42.17,-16.2,-7.06,0.14,8.13,2462.7,12.72,234.53,-22.69,12.57,70.36,-103.68,126.02,22.48,251.39,12.3,13.48
I G Petrochems,500199,IGPL,Chemicals,630.5,1941.62,7.28,23.06,,68.74,0.13,67.23,73.64,-26.68,517.21,21.87,24.79,34.64,21.6,266.72,1882.77,13.03,12.66,40.53,29.69,21.21,36.65,34.59,22.34,20.74,28.39,0.71,32.1,8.98,18.41,67.56,1123.62,6.82,298.61,266.72,7.83,149.03,66.12,93.25,12.15,81.02,24.79,28.59
ICICI Bank,532174,ICICIBANK,Banks - Private Sector,720,500714.57,19.94,18.12,36.14,0,7,0,7718.94,57.98,24999.46,12.11,5.89,6.04,13.92,25110.1,95406.87,9.85,9.38,36.55,80.71,19.77,10.8,12.63,10.22,12.74,15.93,13.26,19.87,20.19,1.69,7,89162.66,8.2,-2146.31,25110.1,9.64,13006.09,56368.9,136339.25,19717.61,270424.99,5.89,5.59
ICICI Lombard,540716,ICICIGI,Finance & Investments,1121.05,55043.07,43.31,75.77,25.89,48.04,0.03,0,312.51,-9.6,4020.36,27.12,24.02,19.39,5.45,1271.01,16026.09,12.81,16.34,-13.72,6.57,12.55,11.67,16.76,18.55,18.87,15.29,-26.04,-0.21,,2.82,26.53,12666,20.94,2071.69,1271.01,16.27,1114.88,737.05,1694.99,195.01,5562.52,24.02,24.14
ICICI Pru Life,540133,ICICIPRULI,Finance & Investments,559.05,80357.23,105.84,75.77,5.28,73.41,0.13,0,186.88,198.96,13002.76,-32.56,9.95,8.12,-2.13,759.2,62305.14,14.54,10.5,4.4,-6.88,-14.7,-10.42,-5.84,12.22,8.73,7.14,-3.57,14.67,5.75,0.33,-25.14,83230.75,8.83,-633.31,759.2,16.08,984.47,1736.09,-130906.16,3434.05,-242079.49,9.95,13.8
ICICI Securities,541179,ISEC,Finance & Investments,459.5,14831.01,10.73,25.9,42.85,74.89,3.23,40.89,340.29,3.28,891.67,20.6,31.71,27.04,63.62,1382.6,3434.98,25.8,19.61,29.43,41.21,32.48,,,63.24,62.75,65.03,-26.56,27.5,,12.67,32.82,2586.17,,1592.93,1382.6,,807.79,-2660.68,-1649.69,-232.65,-6211.33,31.71,36.69
IDFC First Bank,539437,IDFCFIRSTB,Banks - Private Sector,34.05,21173.28,160.03,18.12,0.21,36.49,7.5,0,352.31,157.31,4553.64,14.04,5.52,5.02,26.01,132.31,17172.68,12.06,14.89,-71.76,27.43,-33.57,,,-3.93,-4.37,0.74,-43.3,-7.23,-10.09,0.08,7.54,15968.15,,7192.82,132.31,,-653.7,2200.06,13492.27,1610.28,26238.68,5.52,5.5
Indiamart Inter.,542726,INDIAMART,Miscellaneous,4231.4,13021.95,42.03,44.4,101.36,49.52,0.03,0.63,59.7,10.15,200.7,12.12,33.36,22.49,41.57,309.8,750.8,14.72,19.46,8.39,190.86,91.34,42.99,22.38,,25.62,17.66,-41.78,,,11.31,12.89,665.05,23.34,333.34,309.8,20.49,137.52,402.6,326.64,22.1,989.32,33.36,
Indian Energy Ex,540750,IEX,Miscellaneous,182.2,16373.76,54.13,23.2,2.38,0,0.01,74.94,80.88,26.71,111.73,17.59,61.07,64.52,85.91,302.51,425.55,18.76,16.46,44.96,25.51,24.98,20.9,24.38,46.88,47.29,49.47,49.86,54.07,,23.08,34.2,317.11,13.43,259.43,302.51,21.64,190.86,776.89,287.9,32.75,1187.76,61.07,62.76
IndusInd Bank,532187,INDUSINDBK,Banks - Private Sector,913.2,70764.2,15.35,18.12,59.52,15.91,7.09,0,1361.37,55.42,7859.89,5.94,6.69,6.27,47.36,4611.12,30822.44,11.46,16.43,62.62,11.78,9.98,14.43,19.11,11.74,10.56,10.63,-10.04,-16.52,-9.52,1.27,6.29,28999.8,17.97,13002.84,4611.12,19.12,3754.61,16238.5,44352.35,40323.54,48152.59,6.69,7.03
Infosys,500209,INFY,Computers - Software - Large,1476.8,621355.37,28.27,26.34,52.56,13.11,0.07,68.11,5686,12.02,32276,22.67,35.11,37.09,25.89,21980.03,121641,13.74,12.18,13.9,12.88,9.16,8.57,10.19,25.84,27.24,28.98,2.07,25.13,25.1,19.64,21.07,100472,12.5,27889,22110,13.68,17770.03,21724,21117,6065,56537,35.11,33.59
Intellect Design,538835,INTELLECT,Computers - Software - Medium / Small,646.05,8698.93,24.92,26.37,25.94,30.86,0.01,36.79,95.26,18.17,509.41,28.13,17.42,25.27,25.13,349.08,1878.19,9.02,15.5,32.4,38.54,64.18,30.73,,14.39,16.04,21.81,-15.82,34.58,42.29,15.12,25.43,1497.46,17.46,359.75,349.08,,157.23,334.33,349.62,45.02,603.16,17.42,15.51
Ipca Labs.,524494,IPCALAB,Pharmaceuticals - Indian - Bulk Drugs & Formln,858.8,21788.12,24.64,23.78,44.94,46.29,0.15,57.02,130.23,-19.21,1289.1,15.65,23.36,20.3,22.46,884.08,5829.79,15.89,13.06,-22.04,26.53,35.76,19.78,12.28,18.14,20.69,17.35,-16.09,23.18,28.09,12.98,8.06,5394.94,9.22,1544.01,884.08,9.47,656.6,379.93,731.15,263.62,1387.8,23.36,20.02
ITC,500875,ITC,Cigarettes,270.15,332912.76,21.84,18.98,10.69,0,0,14.81,4195.69,11.72,16555.53,15.43,31.6,33.67,34.05,15242.66,60668.09,7.87,7.24,15.46,6.4,8.36,7.06,9.55,23.16,23.54,24.82,29.94,-1.18,-2.36,20.53,23.17,49257.45,6.59,17064.78,15242.66,8.63,13511.86,13766.97,10692.98,-366.88,36735.48,31.6,32.67
J B Chem & Pharm,506943,JBCHEPHARM,Pharmaceuticals - Indian - Bulk Drugs & Formln,1577.65,12192.41,31.64,23.78,,54,0.02,83.67,84.85,-15.66,624.59,18.19,26.96,25.43,22.42,385.36,2424.24,13.84,12.52,-3.92,28.57,20.73,22.3,19.2,16.84,20.7,19.54,2.44,61.87,36.19,15.96,18.69,2042.52,11.32,560.41,385.36,11.7,266.61,-528.88,293.83,-3.28,-29.8,26.96,22.45
J K Cements,532644,JKCEMENT,Cement - North India,2150.45,16616.15,24.46,17.99,,45.82,0.95,19.5,201.13,-6.94,2351.16,10.17,17.74,16.23,18.55,679.21,7990.82,14.97,14.78,-7.4,36.63,30.09,27.03,14.18,17.17,18.65,16.85,-24.56,27.75,16.09,6.39,20.96,6606.1,12.98,1584.54,687.12,12.12,496.5,-649.05,831.23,108.23,311.17,17.74,16.27
J Kumar Infra,532940,JKIL,Construction,292,2209.43,10.73,20.38,,46.64,0.23,91.89,74,126.23,1114.45,12.34,12.16,15.27,14.31,205.88,3527.2,8.17,17.07,224.73,5.3,13.94,11.79,11.7,8.87,8.09,10.36,48.15,22.65,-0.18,5.43,37.2,2570.84,14.79,311.38,205.88,14.24,153.14,269.45,239.18,-13.39,591.24,12.16,13.27
Jash Engineering,,JASH,Engineering,650.7,777.02,31.38,19.8,23.33,52.57,0.41,184.97,13.28,-23.24,116.09,20.48,16.26,13.63,13.52,24.76,256.71,8.4,12.05,-10.61,12.96,19.08,17.83,14.76,13.76,15.15,13.19,62.65,71.35,,7.28,18.46,216.71,12.76,44.39,24.76,12.93,19.76,21.09,34.58,-0.17,56.23,16.26,15.35
Jindal Stain.,532508,JSL,Steel - Large,113.3,5953.86,3.16,4.59,8.6,69.87,0.62,42.19,735.53,190.06,6563.51,67.71,22.26,37.78,14.07,1881.26,21223.4,16.11,18,427.37,136.54,96.95,21.79,44.12,17.76,22.83,45.13,7.65,43.55,8.49,14.92,74.13,12188.46,17.33,1424.31,1881.26,9.35,558.2,324.52,1145.31,37.16,2475.61,22.26,18.44
JTEKT India,520057,JTEKTINDIA,Auto Ancillaries,77.85,1903.28,46.63,22.01,,75,0.11,55.52,14.12,-32,470.02,-0.1,7.02,9.88,8.01,40.81,1588.8,-3.24,5.57,250,-17.47,1.22,1.06,-1.79,7.72,4.58,6.63,-29.42,-9.13,-1.27,4.71,19.19,1332.97,0.33,102.72,36.91,1.12,43.76,-12.75,55.27,6.6,128.63,7.02,11.49
Jubilant Food.,533155,JUBLFOOD,Food - Processing - MNC,524.7,34622.08,81.75,81.75,6.37,41.94,1.08,1.83,96.76,-8.57,1175.97,13.31,21.39,20.99,24.99,423.53,4396.12,7.25,11.22,78.94,9.81,44.44,20.98,14.68,23.79,22.96,25,-18.47,25.33,40.46,9.91,32.74,3311.87,11.19,780.04,420.39,15.74,295.68,473.77,532.57,-140.24,1451.1,21.39,24.83
Jubilant Ingrev.,543271,JUBLINGREA,Chemicals,480.7,7656.64,16.06,23.06,,51.1,0.1,42.84,68.59,8.1,1295.75,89.4,,28.74,16.81,476.71,4949.36,,,651.32,,,,,,,21.89,-16.58,,,13.31,623.45,684.13,,117.12,476.71,,,225.19,84.78,73.29,309.97,,
Jubilant Pharmo,530019,JUBLPHARMA,Pharmaceuticals - Indian - Bulk Drugs,381.25,6073.31,14.7,20.38,,50.68,0.6,55.25,59.55,-73.22,1527.53,-3.31,13.25,9.65,18.7,413.02,6130.16,-12.37,0.9,-51.76,-17.62,-6.52,35.86,14.91,15.1,14.22,8.21,-50.63,-3.62,-9.91,4.4,0.52,6098.54,0.92,1403.16,413.94,3.68,713.46,241.07,1269.98,-728.86,2486.37,13.25,14.22
Jyothy Labs,532926,JYOTHYLAB,Personal Care - Indian,152,5581.57,35.08,31.47,,62.89,0.12,23.78,37.98,-20.83,546.71,10.42,15.06,13.21,11.3,159.13,2196.49,6.59,5.47,-24.23,-6.8,-4.83,4.21,15.95,13.77,13.21,11.08,-1.62,-3.96,-4.49,8,15.05,1909.12,5.45,314.83,161.98,9.17,176.04,181.16,376.51,56.94,687.62,15.06,15.46
Jyoti Resins,514448,,Chemicals,2462.8,985.12,49.85,23.06,,49.97,0,129.04,6.92,163.12,57.46,60.06,47.84,49.64,13.06,19.76,181.96,38.37,34.77,77.22,107.87,119.25,91.4,42.81,35.19,36.08,37.12,172.52,151.81,74.76,13.36,86.11,97.77,31.95,10.46,19.76,37.97,8.41,-5.47,-5.9,-0.67,-6.13,47.84,45.35
K E C Intl.,532714,KEC,Transmisson Line Towers / Equipment,380.75,9788.64,27.65,20.6,,51.82,0.85,135.62,112.04,-42.34,4274.78,-1.97,18.88,12.54,6.57,354.02,13742.26,7.7,9.87,-35.41,-10.6,2.38,28.74,7.2,18.37,15.98,10.14,-4.08,5.71,7.87,2.33,4.79,13114.2,7.16,1239.86,332.08,8.98,484.81,-482.32,730.8,47.11,133.97,18.88,21.78
Kajaria Ceramics,500233,KAJARIACER,Ceramics - Tiles / Sanitaryware,950.3,15129.16,40.13,30.04,19.36,47.5,0.08,50.57,95.76,-24.65,1101.75,15.67,21.9,24.42,16.48,376.98,3705.19,7.82,7.76,20.65,17.39,8.11,11.13,16.49,17.22,17.36,18.89,-7,15.91,6.57,13.89,33.24,2780.9,7.82,514.98,376.98,10.93,280.98,162.13,407.55,8.71,672.81,21.9,22.94
Kaveri Seed Co.,532899,KSCL,Miscellaneous,547.75,3194.57,15.29,23.2,50.61,57.44,0,28.61,-13.09,8.65,54.56,-0.94,21.37,17.06,21.26,208.9,915,6.02,6.49,-25.24,4.23,10.06,-5.13,12.73,20.11,20.64,16.34,-20.86,0.92,-3.82,10.92,-7.02,984.04,-2.77,286.87,208.9,9.41,218.65,60.26,204.03,2.81,365.87,21.37,20.89
KNR Construct.,532942,KNRCON,Construction,250.55,7046.33,19.98,37.56,,51.48,0.63,60.57,139.16,46.95,1102.09,11.26,20.94,20.83,22.15,352.63,3605.82,16.31,17.04,10.17,11.13,27.61,26.58,22.72,19.07,17.53,16.45,12.46,20.25,18.68,7.6,24.18,2903.63,21.84,702.1,381.84,14.99,282.97,-690.03,-169.68,86.77,-834.94,20.94,20.27
Kotak Mah. Bank,500247,KOTAKBANK,Banks - Private Sector,1791.8,355698.65,29.42,18.12,60.91,25.98,3.85,0,3891.82,50.3,8838.13,11.15,6.83,6.68,6.99,12089.39,33740.4,4.19,8.61,21.36,18.91,19.64,21.83,20.76,13.64,13.7,14.25,-0.14,6.5,12.9,2.52,2.8,32819.83,14.2,2601,12089.39,14.82,8796.44,7784.66,4580.99,-16363.23,58571.79,6.83,7.19
KPIT Technologi.,542651,KPITTECH,Computers - Software - Medium / Small,510,13981.33,50.98,26.37,,40.11,0.17,55.74,78.88,50.36,651.77,20.62,19.05,24.48,18.03,274.23,2432.39,55.96,,93.64,51.13,,,,,16.8,21.8,109.62,73.26,,12.84,19.48,2035.74,,307.81,274.23,,129.77,406.49,568.12,9.89,1295.96,19.05,
KRBL,530813,KRBL,Food - Processing - Indian,214.95,5059.71,11.01,45.39,,59.8,0.04,25.08,109.06,-21.02,987.4,1.38,18.61,15.24,15.72,459.4,4210.56,0.72,6.01,-17.8,-2.8,2.84,5.07,17.2,16.94,15.43,11.84,-7.17,-13.05,-11.44,9.8,5.48,3991.88,4.27,822.22,459.4,10.15,502.22,520.08,342.8,144.99,2044.39,18.61,19.65
L G Balakrishnan,500250,LGBBROSLTD,Auto Ancillaries,571.85,1795.18,7.84,22.01,,34.32,0.08,51.01,63.53,16.24,558.89,11.98,21.22,29.04,18.48,228.97,2102.09,7.59,10.82,86.64,35.82,26.71,19.45,17.88,16.52,17.24,22.76,44.85,18.25,8.77,14.95,30.65,1608.99,8.98,253.77,245.48,8.88,121.01,154.84,199.81,56.6,487.22,21.22,20.63
L&T Technology,540115,LTTS,Computers - Software - Medium / Small,3446.9,36377.7,38.01,26.37,90.68,73.9,0.11,94.22,262,34.7,1756.1,21.91,34.58,33.35,21.54,957,6569.7,8.96,15.13,47.95,7.72,17.6,17.43,,27.41,25.35,25.07,19.94,26.24,36.33,17.22,20.55,5449.7,14.04,1007.4,957,,739.14,764.6,1251.7,-40.8,2503.3,34.58,36.77
Larsen & Toubro,500510,LT,Engineering - Turnkey Services,1585.1,222729.57,25.86,14.09,61.7,0,1.52,107.59,3620.69,9.96,52850.67,9.9,13.07,11.23,15.44,8613.77,156521.23,5,7.44,-38.35,-0.38,7.74,10.53,6.62,14.97,14.76,10.81,5.43,1.65,6.49,3.29,15.11,135979.03,7.9,23460.24,8669.33,9.31,9905.34,16123.7,21921.8,2139.06,41439.95,13.07,13.26
Laurus Labs,540222,LAURUSLABS,Pharmaceuticals - Indian - Formulations,546.65,29374.75,39.12,24.96,17.82,27.27,0.49,98.41,221.22,-24.44,1377.66,-1.51,25.96,23.4,27.33,750.94,4707.04,28.16,20,-21.51,98.78,30.28,39.38,42.55,22.44,28.15,24.62,-10.61,99.99,34.52,12.28,-1.29,4768.72,19.84,1510.72,750.09,26.44,448.9,61.58,98.19,37.9,286.67,25.96,21.28
Laxmi Organic,543277,LXCHEM,Chemicals,336.15,8900.68,34.72,23.06,9.72,72.92,0.11,79.1,57.4,57.95,879.86,69.36,20.87,25.49,11.92,256.37,3084.19,25.28,23.44,101.53,52.64,29.07,,,18.78,18.54,21.96,49.6,,,12.49,74.4,1768.45,,220.02,256.37,,116.18,-242.61,-10.14,6.44,-134.25,20.87,21.11
Lincoln Pharma.,531633,LINCOLN,Pharmaceuticals - Indian - Formulations,293.3,587.47,8.47,24.96,31.11,42.05,0,89.63,11.02,-12.4,102.59,28.91,23.72,24.03,20.22,69.36,472.12,8.84,5.56,11.31,12.37,19.6,24.77,32.46,17.85,17.62,17.16,-1.43,20.47,10.58,13.96,11.3,424.19,8.54,87.37,69.36,9.67,53.36,30.73,60.59,-0.7,159.56,23.72,22.74
Lupin,500257,LUPIN,Pharmaceuticals - Indian - Bulk Drugs,618.65,28120.9,,20.38,-33.62,46.78,0.34,94.82,-517.98,-211.16,3883.03,2.64,4.28,-7.05,1.75,-1509.36,16405.48,3.81,-1.13,-228.19,,,,,0.31,-2.04,-11.63,-49.72,-5.21,-11.82,-6.67,8.19,15162.96,3.64,2566.88,-1528.04,8.76,41.42,-530.68,1150.36,-1303.09,1417.24,4.28,6.75
M & M,500520,M&M,Automobiles - Passenger Cars,1036.5,128856.91,20.5,51.43,,19.47,1.65,25.8,2237.36,2140.47,25934.4,20.87,9.17,11.34,16.28,6286.33,90170.57,-4.86,1.48,225.77,6.64,12.82,11.26,7.73,9.39,5.96,14.17,28.12,17.92,7.81,4.09,21.4,74277.78,3.38,11487.02,6577.32,4.26,3695.1,3327.69,13283.49,-1370.44,8360.13,9.17,10.65
M M Forgings,522241,MMFL,Castings & Forgings,894.6,2159.64,19.32,18.98,,56.34,1.02,55.83,29.2,-3.12,313.56,10.04,10.22,14.02,17.01,111.77,1087.98,6.37,17.86,139.8,11.18,20.82,12.01,18.02,15.96,13.87,20.74,52.7,18.64,23.88,8.27,49.93,725.65,11.67,121.29,111.77,12,70.87,35.97,-19.86,12.65,201.52,10.22,11.61
Manappuram Fin.,531213,MANAPPURAM,Finance & Investments,92.6,7837.62,5.9,25.9,20.37,35.06,2.97,0,261.1,-44.28,1481.35,-8.69,14.17,11.89,64.8,1328.43,6061.02,13.19,12.22,-22.93,12.22,11.95,25.5,,22.52,23.2,16.95,-43.74,-12.82,-0.08,4.08,-4.26,6330.55,17.26,4661.86,1328.43,,1226.96,-584.74,-671.7,-747.31,-4972.55,14.17,14.27
Marico,531642,MARICO,Personal Care - Indian,492.55,63677.25,51.98,31.47,9.48,59.49,0.12,25.02,251,7.97,2161,7.41,43.89,44.52,17.67,1225,9512,9.05,9.96,5.41,3.37,9.94,11.75,14.44,36.19,36.08,36.96,0.06,9.43,9.34,22.39,18.19,8048,7.5,1589,1225,9.1,1070.15,887,1931,16,3852,43.89,42.9
Marine Electric.,,MARINE,Electric Equipment,28.45,348.98,27.99,22.99,,73.52,0.2,134.7,4.84,6.37,76.38,14,11.03,13.64,8.11,12.47,322.89,-0.04,9.04,65.17,17.08,7.71,,10.3,7.89,6.27,9.03,-60.35,12.56,,4.32,61.55,199.87,,22.64,12.47,15.26,8.8,32.05,-4.26,-3.79,48.84,11.03,12.86
Marksans Pharma,524404,MARKSANS,Pharmaceuticals - Indian - Bulk Drugs,46.2,1891.03,10.12,20.38,,48.25,0.09,96.65,29.65,-62.7,418.04,26.6,28.48,22.92,17.37,186.81,1490.84,14.24,14.21,-21.26,34.69,84.11,7.94,11.84,19.51,22.75,17.89,-44.8,29.14,1.14,13.03,8.33,1376.18,9.36,339.63,186.81,15.41,130.85,52.96,132.84,118.56,359.5,28.48,24.14
Maruti Suzuki,532500,MARUTI,Automobiles - Passenger Cars,7935.1,239703.5,61.79,51.43,,56.37,0.01,8.41,1875.8,51.14,26749.2,11.3,7.58,8.87,6.46,3879.5,88329.8,0.87,5.34,73.21,-13.39,-8.09,2.22,9.99,9.21,6.13,7.2,9.85,5.01,1.48,5.32,25.52,70372,8.22,5410.6,3879.5,9.36,4380.86,-1482.8,6527.9,20,5140.9,7.58,12.38
Max Healthcare,543220,MAXHEALTH,Healthcare,357.35,34649.89,56.58,26.8,6.24,50.64,0.15,35.78,123.73,77.54,938.8,17.08,8.74,12.18,23.97,612.44,3931.46,32.48,19.57,1092.68,3028.56,110.47,,,4.96,6.12,10.27,39.95,,,6.91,56.97,2504.67,,404.1,605.05,,139.55,192.35,1.06,515.58,180.41,8.74,7.85
Minda Corp,538962,MINDACORP,Auto Ancillaries,195.3,4669.22,28.42,22.01,,64.73,0.38,69.76,75.86,487.15,947.76,19.35,4.13,11.77,9.9,164.32,2975.94,-1.27,7.64,211.21,1.42,12.45,9.35,9.83,6.36,0.54,13.26,43.18,18.02,13.03,6.71,26.39,2354.5,6.11,165.9,191.88,7.95,64.01,59.16,-45.1,-41.6,318.36,4.13,8.82
Minda Industries,532539,MINDAIND,Auto Ancillaries,865.65,24724.73,69.49,22.01,7.6,67.47,0.27,60.44,144.37,3.71,2415.08,7.9,12.95,14.27,10.65,355.8,8313,12.06,19.68,73.32,7.68,16.71,31.32,34.84,13.91,10.92,12.5,41.33,37.51,34.28,6.44,30.43,6373.74,20.66,726.88,355.8,21.57,259.62,-182.47,54.63,-58.06,329.37,12.95,15.74
MOIL,533286,MOIL,Mining / Minerals / Metals,154.55,3144.86,8.45,16.65,7.44,64.68,0,43.93,131.07,9.32,467.89,3.94,13.83,20.87,37.7,372.39,1436.3,-0.04,8,79.53,-7.55,4.02,-1.97,-0.98,12.31,10.04,15.01,-19.98,1.09,-1.83,12.48,22.54,1172.14,8.31,286.81,376.98,4.8,343.19,130.06,154.02,-199.99,142.19,13.83,17.91
Mold-Tek Pack.,533080,MOLDTKPAC,Plastics Products,738.25,2436.02,38.27,29.86,20.37,34.36,0.1,82.66,17.32,-8.02,177.92,10.48,22.07,22.54,19.11,63.66,631.47,17.03,16,29.81,27.24,19.23,20.98,20.97,19.33,20.1,18.25,47.65,44.5,20.05,12.6,31.85,478.93,12.57,96.25,63.66,14.03,43.12,-53.37,9.51,0.14,-30.67,22.07,22.09
Morepen Labs.,500288,MOREPENLAB,Pharmaceuticals - Indian - Bulk Drugs & Formln,39.4,1882.64,18.52,23.78,2.16,36.74,0.03,59.14,12.32,-53.96,368.28,28.5,18.29,21.41,8.84,101.68,1546.83,26.26,21.04,4.73,52.18,33.89,73.6,17.11,18.99,21.5,21.19,-38.63,28.31,14.75,10.55,30.2,1188.06,21.29,118.51,101.68,18.25,58.16,-124.96,10.44,27.75,-120.57,18.29,15.09
Motherson Sumi,517334,MOTHERSON,Auto Ancillaries,122.7,55431.13,62.2,22.01,3.29,68.16,0.69,37.76,121.62,-80.91,17184.83,1.25,9.08,8.04,7.02,891.13,63535.99,0.01,8.44,-16.57,-17.87,-10.66,-0.68,16.61,10.86,7.9,5.38,-38.78,6.97,-6.81,2.32,10.75,57369.9,9.04,4370,873.85,15.71,1284.12,26.36,3118.8,1067.8,7302.96,9.08,12.26
Mphasis,526299,MPHASIS,Computers - Software - Medium / Small,2507.85,47164.06,32.96,26.37,76.19,55.8,0.18,29.54,392.07,23.7,3277.67,29.85,25.82,26.09,17.7,1430.89,11961.44,15.66,14.51,17.62,10.13,12.32,11.82,5.74,19.4,20.76,21.25,24.78,37.24,32,14.22,23.03,9722.31,10.91,1802.87,1430.89,8.9,1149.76,1596.55,1329.34,-216.86,4122.6,25.82,24.22
Multi Comm. Exc.,534091,MCX,Miscellaneous,1296.4,6611.64,41.49,23.2,,0,0,11.41,36.53,38.32,106.46,9.79,15.13,14.43,43.87,159.37,366.81,6.93,7.17,-13.01,0.82,8.04,8.93,-5.56,11.14,12.72,11.24,-17.32,17.59,4.01,6.01,-6.08,390.56,7.4,185.13,143.45,-3.88,151.48,309.54,-205.51,-377.1,525.8,15.13,13.16
Muthoot Finance,533398,MUTHOOTFIN,Finance & Investments,1062.35,42636.91,10.78,25.9,92.78,73.37,2.72,0.07,960.28,-3.55,2669.89,-5.45,15.22,14.14,82.86,3954.3,11082.32,17.23,14.04,6.24,26.09,27.36,28.85,16.06,25.41,26.16,23.55,-27.94,18.51,18.77,5.9,4.97,10557.21,14.39,8739.34,3954.3,9.31,2888.98,-1212.83,-7559.96,1612.13,-13308.34,15.22,15.58
Navin Fluo.Intl.,532504,NAVINFLUOR,Chemicals,3649.7,18085.71,68.75,23.06,53.09,29.71,0.07,89.82,75.15,16.17,408.94,21.55,20.65,19.22,24.41,263.07,1453.36,13.43,14.41,7.04,21.39,15.02,27.4,1.66,19.33,20.31,15.13,9.02,70.3,41.52,12.28,23.23,1179.39,13.7,309.43,263.07,7.21,248.99,-501.08,146.72,-44.88,-295.62,20.65,22.03
Nazara Technolo.,543280,NAZARA,Computers - Software - Medium / Small,1161.85,3814.62,134.32,26.37,8.71,19.32,0,49.73,2.2,-31.25,175.1,41.9,3.53,8.27,13.74,28.4,621.7,54.16,26.73,217.12,65.99,-13.57,,,2.47,1.86,3.34,-32.69,,,4.18,36.88,454.21,,38.86,28.4,,12.62,50.7,65.36,14.32,106.97,3.53,4.95
Nestle India,500790,NESTLEIND,Food - Processing - MNC,16774.9,161736.4,69.79,54.08,221.68,62.76,0.13,4.1,594.71,-1.25,3980.7,10.24,124.6,147.06,23.78,2317.62,15079.29,9.21,9.98,7.33,13.03,18.14,10.08,9.16,67.1,93.46,113.08,-4.34,12.78,20.29,28.81,10.59,13350.03,5.89,3201.5,2144.86,6.95,1840.66,1540.55,1980.36,177.13,5663.96,124.6,95.1
Neuland Labs.,524558,NEULANDLAB,Pharmaceuticals - Indian - Bulk Drugs,1053.95,1352.21,21.19,20.38,,36.22,0.29,89.93,21.78,25.97,255.87,4.56,9.5,9.33,15,63.82,951.08,12.56,10.44,-9.88,56.88,6.33,21.68,37.83,5.21,6.65,7.85,-49.2,22.37,-5.46,4.71,1.51,936.91,10.62,147.09,63.82,7.81,35.89,-36.86,83.97,-8.77,56.43,9.5,7.5
NHPC Ltd,533098,NHPC,Power Generation And Supply,32.9,33048.16,9.38,37.31,,70.95,0.75,205.6,467.15,5.61,1674.31,4.05,8.17,6.38,43.27,3523.57,9188.78,0.76,1.28,8.74,14.61,3.09,5.3,1.52,9.44,10.3,10.36,22.53,9.81,-0.3,5.02,-4.76,9647.89,1.6,5251.25,3523.57,2.5,2968.51,1460.09,3090.84,405.1,3911.72,8.17,8.56
NIIT,500304,NIITLTD,Computers - Education,422.95,5670.35,24.82,15.68,16.9,35.03,0.02,49.98,67.38,39.16,374.98,34.5,9.92,17.78,21.24,228.45,1377.48,16.76,10.26,117.51,38.15,41.88,28.35,13.61,10.35,10.41,14.55,53.6,59.14,36.82,10.9,45.07,949.5,5.41,157.04,226.2,1.01,119.14,261.9,207.12,88.09,455.1,9.92,10.85
Nilkamal Ltd,523385,NILKAMAL,Plastics Products,1926.3,2874.04,34.48,29.86,,64.53,0.29,41.97,19.99,-47.61,742.05,9.14,14.43,10.05,8.11,83.35,2730.09,4.94,6.17,-26.08,-10.84,-7.43,6.86,3.04,11.59,10.2,7.12,-15.38,16.91,-0.6,4.54,30.49,2092.2,5.36,255.81,83.35,6.06,114.32,-86.82,128.98,12.67,201.68,14.43,16.63
NLC India,513683,NLCINDIA,Power Generation And Supply,72.45,10046.18,10.81,37.31,,79.2,1.56,113.33,328.02,-54.76,3085.89,8.68,8.39,8.24,34.84,929.03,11947.94,6.57,1.49,-13.61,-15.14,-26.04,-5.18,-3.69,10.23,8.3,6.57,11.38,3.68,-6.92,1.83,20.25,9936.18,10.14,2751.09,1092.57,9.3,1356.26,6855.96,2067.8,140.38,4677.6,8.39,9.54
NOCIL,500730,NOCIL,Chemicals,265.1,4416.94,25.08,23.06,10.57,33.85,0,104.49,68.92,84.62,462.74,43.71,13.16,17.65,18.21,176.11,1571.31,14.64,16.18,101.73,-1.26,12.58,17.22,17.69,12.74,10.37,12.9,26.93,29.19,18.52,10.22,69.93,924.66,11.82,131.62,176.11,12.51,149.28,-66.42,67.02,35.45,0.14,13.16,17.55
Novartis India,500672,NOVARTIND,Pharmaceuticals - Multinational,629.15,1553.42,34.08,32.24,,70.68,0.03,40.67,-23.37,149.18,98.32,-0.98,5.8,6.8,6.78,45.58,399.87,-6.59,-9.43,118.4,-4.15,-4.45,-6.86,-11.35,5.21,3.55,6.5,-23.85,-2.3,-0.25,4.65,4.86,381.35,-10.52,26.79,-3.72,-7.17,38.88,38.17,-69.3,-10.85,-55.27,5.8,9.4
NTPC,532555,NTPC,Power Generation And Supply,155.25,150540.74,9.03,37.31,,51.1,1.56,75.22,5166.5,13.68,37085.07,23.2,9.13,9.16,30.36,16675.9,132669.28,9.78,10.09,8.29,3.48,9.18,7.81,5.4,11.83,11.48,12.77,30.68,4.92,3.36,4.16,18.95,111531.15,7.5,34047.1,16675.9,7.36,13633.16,17457.31,9162.08,360.5,32446.55,9.13,8.7
O N G C,500312,ONGC,Oil Drilling / Allied Services,164.65,207134.3,4.41,20.98,,58.91,0.47,13.17,10550.29,49.06,155920.48,36.62,12.63,16.83,15.02,46986.13,531761.83,8.04,13.48,198.57,14.36,14.33,14.97,6.05,12.21,11.7,19.56,33.27,-1.22,-0.46,9.03,74.95,303957.71,18.62,49466,45522.11,14.27,26217.42,45070.04,15146.94,-195.44,88952.46,12.63,14.4
Oberoi Realty,533273,OBEROIRLTY,Construction,792.85,28828.2,27.53,24.85,,67.7,0.27,16.88,232.35,-19,823.46,4.22,10.73,11.91,43.85,1047.1,2693.97,1.42,19.32,42.16,9.59,22.87,18.77,8.88,9.26,9.07,10.58,21.44,14.34,15.63,7.56,31.25,2052.58,16.54,1000.58,1047.1,12.57,744.26,-137.44,-621.24,-11.33,-1266.32,10.73,10.97
Oil India,533106,OIL,Oil Drilling / Allied Services,300.2,32553.84,5.79,20.98,,56.66,0.55,21.29,2117.69,115.31,8869.71,36.42,17.13,21.98,34.99,5621.63,30011.2,29.62,25.69,47.39,12.5,18.57,11.59,5.01,15.56,18.66,20.73,111.04,18.31,9.28,11.56,70.23,17629.53,17.04,5757.07,5621.63,11.77,4197.67,5475.62,2116.67,420.04,10779.68,17.13,15.29
Oracle Fin.Serv.,532466,OFSS,Computers - Software - Medium / Small,3176.55,27427.58,14.52,26.37,219,73.11,0.01,64.75,481.74,4.66,1276.78,5.44,37.31,36.03,47.86,1888.83,5221.46,1.73,3.36,7.21,10.87,9.06,6.78,7.05,27.39,26.31,27.08,-13.9,-1.4,-2.81,22.37,4.77,4983.94,4.24,2468.6,1888.83,5.19,1546.89,1818.59,1900.81,363.23,5187.67,37.31,40.19
Orient Electric,541301,ORIENTELEC,Domestic Appliances,275.95,5855.26,46.24,50.18,,38.52,0.12,58.19,48.78,-22.16,753.32,-6.04,32.99,33.76,9.45,126.64,2448.37,9.51,63.13,5.59,21.61,60.69,,,26.18,26.26,25.4,-9.7,18.77,,10.78,20.46,2032.6,,219.79,126.64,,92.25,-30.92,391.42,133,437.57,32.99,31.5
P & G Health Ltd,500126,PGHL,Pharmaceuticals - Multinational,4243.8,7044.71,38.03,32.24,,51.82,0,21.5,51.16,224.41,267.82,22.21,46.79,29.13,23.29,185.26,1103.91,13.05,1.43,-3.39,29.1,26.65,17.89,10.88,31.79,40,22,-26.93,2.31,31.49,16.38,19.41,1355.86,3.41,318.66,176.8,7.08,285.52,195.89,212.4,-483.4,251.36,46.79,38.1
P I Industries,523642,PIIND,Pesticides / Agrochemicals - Indian,2578.15,39115.21,46.36,23.65,,46.74,0.05,59.83,204.4,13.68,1395.2,16.55,20.08,17.27,21.56,843.8,5299.5,23.1,18.41,14.3,27.94,12.94,18.93,26.36,17.47,16.75,14.72,-9.07,33.01,26.07,11.41,15.79,4577,15.44,1018,843.8,19.68,560.51,192.5,287.5,-15,508.8,20.08,21.17
Page Industries,532827,PAGEIND,Textiles - Products,41346.65,46101.51,85.93,16.17,,47.19,0.1,15.5,190.52,64.87,1111.11,26.15,56.68,67.04,20.21,536.53,3886.46,10.86,12.8,57.36,11.65,15.04,15.51,19.53,46.43,46.3,54.37,37.24,26.7,20.37,28.19,37.19,2832.96,14.1,527.71,536.53,18.76,390.43,229.03,682.36,-71.1,1353.68,56.68,60.2
Panacea Biotec,531349,PANACEABIO,Pharmaceuticals - Indian - Bulk Drugs & Formln,145.9,893.65,,23.78,,73.59,0.04,72.68,1237.42,29.74,140.73,-16.37,1.42,-6.41,-2.1,-197.57,661.23,13.13,3.98,-33.83,9.54,,-24.83,-0.86,,,-66.02,-63.2,-0.51,1.21,-13.34,5.83,624.81,-0.55,75.22,1077.89,-0.71,-173.42,1703.06,89.26,11.86,1771.05,1.42,-2.4
PCBL Ltd,506590,PCBL,Chemicals,102.4,3865.22,9.23,23.06,11.29,51.38,0.3,90.72,88.18,-30.96,1218.83,40.62,17.28,18.21,14.69,418.84,4446.42,8.01,18.2,35.03,3.56,43.81,69.48,17.26,18.89,17.49,18.41,-11.76,15.17,17.29,9.85,67.19,2659.52,8.76,516.63,426.02,7.35,322.37,-15.78,270.93,2.8,556.51,17.28,18.66
Persistent Sys,533179,PERSISTENT,Computers - Software - Medium / Small,3494.8,26709.01,40.29,26.37,,31.26,0.17,60.62,200.99,45.9,1637.85,47.11,22.63,26.3,16.78,662.93,5710.75,19.27,14.69,55.62,26.84,16.97,12.86,16.72,16.7,17.64,21.51,38.67,76.74,39.73,14.6,36.36,4187.89,17.1,683.01,690.39,19.03,410.49,464.19,610.83,51.93,1352.04,22.63,21.82
Petronet LNG,532522,PETRONET,Miscellaneous,221.2,33180,9.9,10.49,,50,0.26,22.7,750.14,20.34,11160.37,47.33,29.15,30.04,12.17,3352.35,43168.57,3.98,11.89,13.65,15.85,14.47,21.75,12.25,25,26.35,26.74,-4.55,-2.59,0.44,16.74,65.89,26022.9,1.28,4700.12,3352.35,6.64,2657.32,3399.77,3486.19,-126.69,9708.29,29.15,29.48
Pidilite Inds.,500331,PIDILITIND,Chemicals,2108.8,107187.86,88.82,23.06,22.26,69.94,0.06,52.63,254.35,-17.65,2507.1,12.15,29.5,25.99,18.62,1206.76,9920.96,11.91,12.05,6.51,8.74,6.97,13.24,14.38,23.74,22.81,20.12,-0.38,18.11,21.26,13.17,36.04,7292.71,10.78,1686.35,1207.56,12.24,1078.21,581.4,1040.13,-372,2457.15,29.5,31.64
PNC Infratech,539150,PNCINFRA,Construction,250.45,6425.02,11.04,37.56,,56.07,1.32,33.71,247.19,65.42,2226.02,19.4,17.56,15.75,21.29,581.76,7208.04,24.07,26.19,24.08,20.61,37.78,30.4,22.24,18.14,18.79,17.41,-2.19,7.1,11.23,5.75,24.54,5787.57,21.34,1417.92,580.43,18.93,430.42,-558.72,1.9,0.58,-121.11,17.56,16.94
Poly Medicure,531768,POLYMED,Healthcare,703.3,6744.67,46.04,26.8,14.17,44.66,0.12,81.71,36.17,-6.9,257.52,20.92,20.41,17.22,23.09,146.51,923.06,14.8,15.23,8.4,31.31,21.99,17.81,22.37,18.31,17.68,14.27,-27.19,57.13,27.5,11.27,17.54,785.3,13.11,216.49,146.51,15.6,102.54,-30.6,24.21,0.1,16.23,20.41,21.3
Polycab India,542652,POLYCAB,Cables - Power,2332.35,34881.8,38.39,29.74,60.8,68.08,0.02,38.77,322.15,14.47,3969.98,34.91,25.1,22.99,10.35,908.58,12203.76,15.19,17.28,5.33,22.16,31.3,27.67,,19.21,19.69,17.65,27.94,57.59,,12.72,36.71,8926.54,14.58,1166.77,908.58,,674.29,-8.39,1047.13,65.56,993.99,25.1,25.04
Polyplex Corpn,524051,POLYPLEX,Packaging,2340.55,7347.56,12.92,12.21,,50.97,0.29,60.81,185.78,48.24,1885.87,45.72,24.02,29.06,19.74,568.8,6624.4,13.17,15.66,11.09,19.88,23.6,38.25,15.04,12.82,14.6,17.86,76.19,61.4,39.95,14.39,34.69,4918.27,10.93,1217.22,568.8,10.57,364.32,159.57,575.74,-8.06,996.33,24.02,20.83
Praj Industries,522205,PRAJIND,Engineering,330.85,6076.82,40.45,19.8,4.42,32.83,0.02,80.06,57.65,10.84,829.01,46.18,17.15,23.86,8.82,150.24,2333.32,26.93,20.59,85.89,35.73,27.82,12.44,10.29,10.29,12.64,17.49,-12.45,33.26,33.39,7.89,78.84,1304.67,12.67,112.43,150.24,8.81,78.33,156.29,216.54,55.27,380.67,17.15,13.86
Precot,,PRECOT,Textiles - Cotton/Blended,241.15,289.38,2.75,6.23,,61.5,0.81,51.43,24.23,-16.59,285.06,30.35,12.54,22.11,19,105.42,993.28,7.93,7.9,227.39,144.8,38.46,22.71,14.15,3.65,11.54,26.83,25.86,92.89,24.41,12.44,49.33,665.14,4.16,94.12,105.42,5.11,12.61,-0.54,16.16,-6.93,95.48,12.54,8.16
Privi Speci.,530117,PRIVISCL,Chemicals,1174.45,4587.72,46.95,23.06,,74.05,1.11,74.55,31.36,-47.46,379.05,9.37,15.3,10.58,14.06,97.72,1391.47,77.25,49.64,-2.14,64.81,60.87,32.4,29.42,18.15,17.61,12.85,18.08,38.82,24.81,5.35,10.86,1255.19,37.39,206.8,101.66,30.5,70.65,-301.47,-67.66,-70.72,-323.35,15.3,15.9
PVR,532689,PVR,Entertainment / Electronic Media Software,1771.6,10818.38,,50.36,-80.04,17,3.58,19.39,-105.49,63.51,537.14,196.01,-0.37,-2.78,7.94,-488.24,1331,-24.44,-8.88,35.52,,,,,-12.88,-25.71,-30.48,23.09,1.56,3.92,-6.59,375.34,280.01,-1.48,-335.52,-488.24,9.9,-181.6,42.32,-529.31,374.15,-83.71,-0.37,2.88
Radico Khaitan,532497,RADICO,Breweries & Distilleries,809.65,10822.9,42.92,25.67,20.26,40.27,0.1,96.18,46.36,-36.97,812.52,17.89,17.9,16.49,14.02,252.16,2868.01,11.6,11.59,-6.79,10.29,25.46,19.01,13.12,14.89,15.56,13.45,13.89,41.68,44.61,9.29,20.29,2384.3,10.79,409.26,252.16,9.93,215.92,84.52,268.25,111,333.16,17.9,17.43
Rallis India,500355,RALLIS,Pesticides / Agrochemicals - Indian,197.05,3832.01,24.27,23.65,,50.09,0.05,62.51,-14.19,-303.89,507.54,7.7,15.64,12.76,10.8,157.9,2603.93,9.49,9.38,-25.8,0.68,-2.21,0.01,3.77,12.58,12.1,9.61,-42.7,9.75,-4.46,5.8,7.18,2429.44,5.95,324.93,164.2,7.66,173.1,-14.75,58.87,-12.18,315.33,15.64,16.69
Ramkrishna Forg.,532527,RKFORGE,Castings & Forgings,161.25,2583.95,12.51,18.98,12.89,46.24,1.47,140.2,86.65,142.85,683.24,31.93,9.25,14.99,23.06,206.5,2285.37,8.15,21.01,624.82,20.03,79.38,16.91,23.76,10.98,8.9,20.82,24.32,21.22,12.49,6.75,77.38,1288.38,17.42,231.27,206.5,16.41,91.8,-259.35,-103.49,64.32,-336,9.25,11.13
Ratnamani Metals,520111,RATNAMANI,Steel - Medium / Small,2586.25,12085.03,37.49,15.17,,60.16,0.07,69.86,111.61,2.03,974.06,39.94,20.61,19.71,15.76,322.39,3138.78,4.44,17.33,16.9,8.42,17.43,9.35,11.19,15.9,16.23,15.23,27.9,38.33,28.24,11.56,36.58,2298.13,9.27,399.72,322.39,9.9,262.06,-415.41,416.28,-3.41,-81.62,20.61,21.19
REC Ltd,532955,RECLTD,Finance - Term-Lending Institutions,117.8,23264.53,2.32,3.65,,52.63,6.49,0.88,2301.33,10.76,9633.37,4.58,9.04,9.11,87.68,10035.7,39269.05,15.62,10.04,19.74,20.46,9.72,9.42,13.46,17.84,19.25,21.24,-27.01,-8.51,-9.27,2.47,10.44,35556.45,9.7,32264.58,10035.7,14.09,6716.64,-3962.83,-43586.23,-538.47,-80361.12,9.04,9.03
Redington India,532805,REDINGTON,Trading,129.85,10147.21,7.72,38.39,9.72,0,0.14,50.55,355.57,17.54,17301.76,11.6,21.89,28.56,2.86,1314.87,62644.01,10.42,8.79,72.98,34.99,23.27,19.46,16.2,17.06,18.41,24.53,-6.62,37,13.56,7.98,10.01,56945.86,10.29,1391.69,1314.87,11.46,721.44,870.14,3458.87,645.96,5214.42,21.89,20.53
Relaxo Footwear,530517,RELAXO,Leather / Leather Products,984.85,24515.48,105.36,57.34,11.74,70.78,0.1,34.5,62.93,-38.41,698.19,-6.62,22.25,18,15.67,232.68,2653.27,5,10.22,-18.81,9.85,14.17,12.34,19.13,18.35,17.43,13.96,-10.23,33.07,31.6,10.21,12.47,2359.15,9.11,497.78,232.68,12.13,216.36,-82.93,391.22,3.79,511.33,22.25,23.81
Reliance Industr,500325,RELIANCE,Refineries,2714.25,1836208.41,31.3,5.34,89.74,50.66,0.36,12.33,16203,28.76,207375,38.64,9.46,9.63,15.78,58658.94,699962,7.19,18.16,32.65,13.95,14.41,14.82,12.12,9.58,8.61,8.15,22.64,27.17,32.95,4.65,50.11,466307,9.35,80790,60705,6.94,44301.95,13646,-77333,-13523,-44363,9.46,10.09
Repco Home Fin,535322,REPCOHOME,Finance - Housing,136.9,856.47,4.47,20.56,,37.13,4.34,0,42.03,-33.5,318.27,-4.47,9.37,7.85,73.32,191.54,1290.19,2.7,4.29,-33.4,-6.53,1,6.52,12.04,14.28,13.26,8.92,-64.02,-28.62,-30.54,1.57,-6.21,1375.66,9.29,1193.44,191.54,15,239.01,1368.61,848.88,130.64,2559.46,9.37,9.8
Restaurant Brand,543248,RBA,Hotels,106.55,5255.93,,126.26,-3.98,40.96,0.85,3.28,-67.07,-5.41,399.79,24.4,,-7.87,6.48,-174.94,1490.27,,,26.83,,,,,,,-31.09,-33.8,,,-9.66,48.44,1003.96,,24.95,-195.93,,,-68.69,-19.76,68.31,,,
Route Mobile,543228,ROUTE,Computers - Software - Medium / Small,1389.95,8762.74,52.73,26.37,23.1,59.82,0.01,87.92,45.68,29.15,626.07,72.74,22.89,16.98,11.8,166.17,2022.03,33.77,34.61,25.18,44.12,22.32,,,21.34,19.77,14.3,-20.64,,,9.24,43.8,1406.17,,174.88,166.17,,94.53,117.48,221.77,208.47,430.49,22.89,24.18
RPG LifeScience.,532983,RPGLIFE,Pharmaceuticals - Indian - Bulk Drugs & Formln,511.7,846.3,16.44,23.78,,72.07,0,27.36,7.52,8.67,103.8,11.9,27.42,31.02,19.62,51.48,440.16,10.06,8.43,28.67,68.04,29.88,79.13,50.56,16.35,20.7,21.8,9.74,26.6,4.8,15.89,13.11,389.14,8.9,70.94,51.48,8.6,29.75,40.8,49.81,39.82,130.08,27.42,21.1
Safari Inds.,523025,SAFARI,Moulded Luggage,938.3,2101.18,69.62,91.4,10.28,50.02,0.18,59.44,2.57,19.04,192.79,45.05,7.75,14.49,7.79,30.18,705.44,7.2,15.56,247.72,3.44,23.23,29.28,46.16,8.79,5.85,11.81,37.59,13.02,23.43,7.02,115.09,327.98,18.84,-5.5,23.01,27.6,17.81,3.99,104.13,1.31,157.33,7.75,11.18
Sanofi India,500674,SANOFI,Pharmaceuticals - Multinational,6688.35,15403.27,26.41,32.24,450.23,60.4,0.01,17.64,238.4,4.15,707,-2.5,31.51,34.77,26.12,583.15,2938.5,2.19,4.55,9.65,15.04,13.83,16.72,11.76,20.72,22.72,26.75,-13.32,7.2,10.61,19.44,3.38,2901.9,5.91,715.9,944.4,8.55,450,573.6,809.5,77.5,1720.1,31.51,30.08
Sasken Technol.,532663,SASKEN,Computers - Software - Medium / Small,781.05,1175.55,9.17,26.37,,43.05,0,68.72,26.88,-7.6,109.18,-1.29,24.23,25.92,29.75,128.25,433.91,-4.89,-1.47,13.51,12.57,16.86,27.41,8.3,16.51,18.58,21.06,-18.98,2.94,13.8,17.81,-2.46,444.84,0.2,130.7,128.25,-1.79,97.97,100.8,117.61,4.62,315.19,24.23,21.03
SBI Cards,543066,SBICARD,Finance & Investments,770,72629.75,44.94,25.9,17.14,69.59,2.96,5.76,580.86,231.13,2850.31,22.91,12.07,11.61,25.51,1616.14,10677.27,15.02,26.12,64.14,23.17,34.09,29.36,,23.95,22.22,23,-29.66,,,5.24,14.8,9300.57,28.74,2077.56,1616.14,,1062.38,-4491.35,635.46,127.29,-7996.65,12.07,12.78
SBI Life Insuran,540719,SBILIFE,Finance & Investments,1154.9,115540.52,76.72,75.77,15.05,55.48,0,0,672.15,26.25,20671.48,1.88,17.19,15.32,0.79,1505.99,82983.29,22.99,22.12,15.99,6.37,9.55,9.17,10.61,15.82,14.68,13.68,16.88,18.17,,0.6,1.31,81912.78,19.9,872.49,1505.99,19.68,1324.07,21796.21,23763.04,4676.99,64768.95,17.19,18.95
Schaeffler India,505790,SCHAEFFLER,Bearings,2224.25,34765.84,49.9,38.82,,74.13,0.02,55.55,207.12,48.43,1567.51,19.04,19.03,24.51,18.36,696.7,5811.2,6.82,25.38,97.84,12.07,26.21,22.31,13.6,15.53,13.87,18.52,111.79,30.52,19.53,13.89,40.02,3761.84,19.28,536.82,629.12,15.94,425.12,282.08,411.52,94.89,883.51,19.03,22.12
Sequent Scien.,512529,SEQUENT,Pharmaceuticals - Indian - Bulk Drugs,106.6,2658.96,64.46,20.38,1.66,53.02,0.53,85.06,8.96,-56.25,383.71,6.05,12.16,6.88,7.74,41.25,1412.82,10.78,15.63,-59.34,-5.11,39.43,87.71,22.23,18.96,10.04,5.81,-60.79,15.63,-0.28,3.19,3.76,1361.62,18.01,215.15,41.25,15.11,136.63,-0.67,70.18,-14.35,144.84,12.16,18.06
Shakti Pumps,531431,SHAKTIPUMP,Pumps,498.45,916.16,14.13,21.63,,54.82,0.27,118.55,21.96,-28,384.58,20.29,16.26,20.9,9.37,64.82,1178.54,29.42,22.46,-14.25,12.86,24.52,13.77,16.67,14.15,13.33,17.67,-39.46,4.62,2.13,8.45,26.77,929.66,21.78,142.05,64.82,21.59,41.25,0.19,108.02,14.97,139.94,16.26,17.35
Sheela Foam,540203,SFL,Textiles - Jute - Yarn / Products,2801.05,13664.31,62.88,10.79,,72.95,0.33,34.89,49.23,-15.33,763.62,4.22,22.12,18.47,10.56,217.31,2981.81,13.01,12.16,-3.42,18.47,11.69,25.94,39.62,20.55,19.95,16.87,25.75,29.51,15.9,9.83,23.29,2418.45,11.88,362.31,217.31,11.69,179.16,54.25,197.01,13.26,6.68,22.12,24.21
Shilpa Medicare,530549,SHILPAMED,Pharmaceuticals - Indian - Bulk Drugs,433.3,3761.13,67.93,20.38,18.13,50.01,0.37,123.1,29.55,289.36,340.6,63.73,8.08,5.58,17.48,55.37,1145.52,16.03,8.01,-45.19,-15.89,-11.3,-3.79,3.13,7.67,7.2,3.35,-24.69,8.36,-8.05,2.01,27.12,901.13,9.32,180.5,60.66,13.67,99.6,-226.09,-302.36,79.03,-748.61,8.08,8.48
Shree Cement,500387,SHREECEM,Cement - North India,19178.85,69198.73,29.67,17.99,,62.55,0.12,19.17,657.24,-17.68,4364.24,3.05,17.2,16.75,24.7,2331.94,15009.56,6.13,11.8,2.55,26.55,11.9,16.3,,14.49,14.59,14.19,-31.64,-2.27,1.11,10.32,11.38,13476.33,14.79,4063.38,2331.94,,1730.67,458.46,3124.67,370.3,6015.97,17.2,16.57
SIS,540673,SIS,Miscellaneous,449.7,6612.36,20.35,23.2,22.12,71.55,0.66,50.48,96.98,-67.96,2648.01,8.29,20.44,13.36,4.96,324.94,10059.08,12.35,18.06,-43.06,14.88,24.27,31.5,14.23,21.91,22.94,16.66,7.48,-1.62,,6.46,10.21,9127.3,16.06,520.78,324.94,15.38,299.2,130.94,593.12,556.96,847.92,20.44,19.6
SKF India,500472,SKFINDIA,Bearings,3429.15,16953.02,42.9,38.82,,52.58,0.01,68.42,109.47,4.39,1039.01,22.59,24.13,30.6,15.16,395.13,3665.89,6.5,6.86,33.1,5.8,10.15,10.02,6.58,17.9,18.15,22.91,34.53,21.25,16.07,16.03,37.26,2670.73,6.15,420.14,395.13,4.18,316.85,-33.69,254.64,325.76,491.51,24.13,25.08
Snowman Logistic,538635,SNOWMAN,Miscellaneous,30.55,510.45,303.84,19.11,,40.25,0.63,85.88,-0.22,47.62,76.63,19.53,2.95,3.38,24.36,1.68,286.17,7.16,8.62,3260,-42.7,22.48,-31.92,-12.35,-0.53,-1.06,0.4,-46.82,-3.55,-11.41,0.24,20.7,237.1,5.03,65,1.68,16.64,-2.26,-27.47,41.11,29.6,65.59,2.95,2.71
Sobha,532784,SOBHA,Construction,541.2,5133.06,43.95,24.85,,51.99,0.98,46.85,25,39.66,731.3,32.15,16.92,17.37,32.56,116.8,2730.9,-7.42,4.14,87.96,-26.69,-6.19,-9.67,-5.51,7.83,6.37,4.73,6.64,-2.33,7.27,1.03,29.44,2109.78,1.62,675.14,116.8,6.85,194.62,867.5,573.36,96.23,1434.09,16.92,15.05
Solar Industries,532725,SOLARINDS,Chemicals,2856.25,25846.22,58.49,23.06,,73.15,0.46,50.03,167.89,84.45,1316.85,66.4,21.94,25.38,18.95,441.89,3947.61,17.05,20.1,60.15,18.72,19.26,16.19,15.52,21.9,21.72,25.3,74.36,35.21,28.06,13.84,56.92,2515.63,17.5,514.6,441.28,15.81,293.66,17.01,95.88,77.37,200.08,21.94,23.09
Solara Active,541540,SOLARA,Pharmaceuticals - Indian - Bulk Drugs & Formln,395.9,1425.09,,23.78,61.62,39.71,0.68,140.92,1.88,-94.51,360.82,-18.77,8.22,-0.52,6.31,-54.68,1268.34,-2.93,,-124.89,,,,,,7.43,-3.51,-76.92,-6.33,,-1.97,-21.56,1616.88,,385.87,-58.15,,68.12,-450.55,-16.05,141.65,-492.02,8.22,
Somany Ceramics,531548,SOMANYCERA,Ceramics - Tiles / Sanitaryware,576.15,2447.15,27.6,30.04,13.62,54.78,0.75,41.27,17.17,-59.38,616.79,9.23,11.07,13.12,9.86,88.68,2094.46,6.89,3.89,28.66,19.22,-2,10.07,13.33,10.25,9.81,12.84,22.18,9.87,-5.72,5.57,26.9,1650.45,4.64,191.63,88.68,9.2,63.14,-111.46,315.09,127.7,289.96,11.07,12.02
Sona BLW Precis.,543300,SONACOMS,Castings & Forgings,601.55,35151.74,102.67,18.98,3.28,67.18,0.07,82.35,124.42,55.56,496.05,-0.26,18.29,22.55,25.75,342.38,1939.05,40.49,30.96,71.34,50.31,50.14,,,19.3,17.63,21.41,,,,16.04,152.75,767.17,,240.23,353.54,,162.71,56.02,104.8,-34.47,148.15,18.29,20.95
Sonata Software,532221,SONATSOFTW,Computers - Software - Medium / Small,694.5,7303.31,19.61,26.37,35.8,28.17,0.15,58.66,100.9,21.48,1463.63,36.06,44.17,43.67,8.35,372.51,5553.37,23.32,18.56,54.11,15.55,20.25,16.11,67.11,34.27,35.37,37.16,-4.4,25.21,34.75,16.55,31.34,4228.08,18.6,379.6,376.43,13.48,263.28,440.69,440.75,268.45,1241.53,44.17,43.75
South Ind.Bank,532218,SOUTHBANK,Banks - Private Sector,7.8,1632.34,36.29,18.12,,0,14.95,0,272.04,3906.48,1635.43,-4.24,5.3,4.59,48.9,44.98,6586.54,-1.43,2.41,-27.26,-43.36,-35.18,-24.01,-19.65,2.92,1.25,0.77,-27.1,-16.92,-22.53,0.05,-9.84,7305.44,3.19,3882.37,44.98,6.28,158.65,5732.77,5732.77,4578.12,12040.56,5.3,5.6
SRF,503806,SRF,Chemicals,2304.55,68311.71,36.16,23.06,40.44,50.73,0.43,52.62,605.65,59,3549.42,36.12,19.21,23.97,25.54,1888.92,12433.66,20.54,20.86,57.72,43.32,29.68,31.51,17.53,20.5,22.58,24.5,63.09,58.58,47.76,13.17,48.02,8400.04,15.48,2133.02,1888.92,12,1039.41,288.6,566.99,21.85,787.08,19.21,17.21
St Bk of India,500112,SBIN,Banks - Public Sector,461.85,412183.18,10.17,8.6,,57.59,15.06,0,9549.13,55.89,74607.57,9.66,4.77,4.82,33.23,40532.46,289972.69,4.61,4.7,87.48,165.53,166.64,13.19,10.18,6.23,10.06,14.71,7.51,10.32,10.14,0.88,4.26,278115.48,4.86,85294.79,35373.88,7.02,15417.89,54643.93,86090.91,93391.77,161598.36,4.77,4.64
Sterlite Tech.,532374,STLTECH,Cables - Telephone,170.45,6780.99,104.48,41.97,1.56,54.16,1.77,108.24,-22.44,-118.4,1581.97,7.25,11.88,5.55,9.29,64.9,5754.26,4.19,18.63,-75.37,-51.29,-20.29,40.86,4.39,20.52,13.75,3.29,-37.13,-4.51,1.97,0.77,19.25,4825.18,9.25,807.06,61.95,8.18,337.41,-8.02,184.25,46.39,489.28,11.88,16.77
Stove Kraft,543260,STOVEKRAFT,Domestic Appliances,551.95,1814.14,32.27,50.18,24.91,56.38,0.22,31.06,8.65,-54.97,261.33,11,20.11,18.45,8.35,56.22,1136.36,21.03,18.15,-30.93,209.84,37.27,,49.47,,,16.87,-7.37,,,8.65,32.29,858.96,,113.48,56.22,6.8,25.99,-113.34,46.62,15.06,-83.06,20.11,15.47
Subex,532348,SUBEXLTD,Computers - Software - Medium / Small,27.1,1527.58,72.78,26.37,0.92,0,0.03,105.97,0.61,-96.09,78.8,-18.05,11.43,6.12,10.54,20.99,333.44,-1.43,-1.37,-57.94,-5.91,-19.79,6.77,-4.07,5.35,7.87,3.74,-54.49,58.94,22.19,2.9,-10.37,372.03,-1.08,99.08,20.99,-3.53,35.14,-14.16,82.4,52.51,130.95,11.43,8.33
Sudarshan Chem.,506655,SUDARSCHEM,Dyes And Pigments,446.1,3088.23,23.76,21.44,,35.82,0.99,83.03,44.66,-16.4,627.15,8.78,15.42,12.63,12.49,129.97,2200.81,11.37,11.42,-7.83,17.58,4.71,13.19,14.5,19.19,19.65,16.49,-35.28,11.23,3.79,5.95,18.06,1864.11,8.98,289.99,129.97,10.77,113.58,-131.01,-102.6,7.8,-224.81,15.42,15.98
Sumitomo Chemi.,542920,SUMICHEM,Pesticides / Agrochemicals - Indian,461.05,23013.11,53.06,23.65,,75,0.02,100.45,74.71,37.82,665.02,24.57,32.09,33.61,19.61,433.73,3063.57,11.28,30.85,27.67,36.15,47.75,43.44,45.52,22.83,24.36,25.13,26.64,,,15.31,15.93,2642.65,24.23,487.54,433.73,21.13,263.32,110.73,381.64,120.13,676.32,32.09,31.35
Sun Pharma.Inds.,524715,SUNPHARMA,Pharmaceuticals - Indian - Bulk Drugs & Formln,845.7,202911.76,30.63,23.78,,54.48,0.03,100.02,-2277.25,5.93,9446.76,10.84,14.23,18.42,26.9,6624.18,38654.49,9.97,4.13,18.13,23.77,-0.92,5.43,10.33,10.45,11.85,14.02,24.13,29.28,9.69,9.98,15.39,33498.14,5.04,8469.96,3272.73,17.03,4467.7,7550.11,5097.34,596.42,17752.25,14.23,12.9
Supreme Inds.,509930,SUPREMEIND,Plastics Products,1806,22941.05,23.85,29.86,,48.85,0.01,21.92,323.86,-28.09,2557.09,22.78,34.63,34.62,15.98,961.87,7772.82,11.47,11.74,-1.36,33.87,17.6,19.2,17.43,26.42,28.53,27.43,-19.72,18.59,8.26,20.73,22.31,6355.2,10.11,1284.18,968.45,12.15,647.37,4.38,1025.35,541.62,1329.41,34.63,33.07
Suven Life Scie.,530239,SUVEN,Pharmaceuticals - Indian - Bulk Drugs,76.4,1110.72,,20.38,-5.67,64.98,0.03,40.08,-20.8,3.75,4.22,170.51,-76.91,-138.65,-1033.7,-122,11.84,-65.39,-53.48,-68.95,,,,,-12.31,-75.62,-145.9,-23.18,59.78,43.08,-103.2,-12.17,13.48,-41.76,-79.94,-122,,-39.46,-147.31,-102.32,-5.33,-386.59,-76.91,-8.37
Suven Pharma,543064,SUVENPHAR,Pharmaceuticals - Indian - Bulk Drugs & Formln,480.25,12225.48,26.94,23.78,,60,0.06,65.35,91.67,10.29,363.85,40.4,44.84,45.71,43.89,453.8,1320.22,51.75,,26.15,60.79,,,,,36.5,33.52,-0.86,,,27.47,30.75,1009.72,,443.01,453.8,,,254.81,272.62,-4.51,831.41,44.84,
Syngene Intl.,539268,SYNGENE,Pharmaceuticals - Indian - Bulk Drugs & Formln,535,21476.75,51.27,23.78,9.83,70.41,0.31,71.31,147,12.01,758.7,15.29,14.47,13.37,30.5,418.9,2601.4,12.53,16.72,10.66,8.58,7.88,13.28,19.42,16.05,15.16,13.71,-9.43,17.1,18.13,8.03,19.36,2179.4,17.13,675.9,393.8,20.1,354.31,106.7,251.5,127.1,392.5,14.47,15.07
T C P,530282,TCPLTD,Power Generation And Supply,111.8,,,37.31,-8.09,,0.15,125.38,6.85,22.32,96.7,-5.29,2.65,-0.95,0.11,-8.81,249.61,-6.17,-7.67,-202.8,,,,,2.33,0.73,-2.11,,,,-1.57,-30.8,360.72,-4.17,26.32,-4.07,-0.13,9.38,-7.65,30.2,5.32,14.19,2.65,4.5
Tanla Platforms,532790,TANLA,Computers - Software - Medium / Small,1276.8,17331.99,32.14,26.37,26.18,43.74,0.04,63.79,140.62,37.14,853.05,31.53,33.73,58.61,21.84,539.28,3205.97,47.26,40.8,52.05,181.72,67.48,113.35,18.44,19.22,27.71,48,52.95,170.03,104.38,26.92,36.92,2341.47,44.6,434.67,539.28,33.51,153.71,424.75,529.31,383.57,1055.81,33.73,23.07
Tata Chemicals,500770,TATACHEM,Chemicals,944.35,24058.26,19.01,23.06,,37.98,0.38,55.91,438.17,3622.77,3480.67,32.03,16.56,8.54,18.26,1265.87,12622.12,6.88,4.06,437.58,8.42,4.97,11.4,3.3,18.39,19.71,7.78,26.17,50.04,27.93,4.55,23.75,10199.8,-4.33,1506.43,1257.62,-0.9,2343.1,379.06,803.82,-564.92,1793.48,16.56,15.67
Tata Consumer,500800,TATACONSUM,Tea,756.6,69724.6,72.24,12.51,,34.72,0.09,24.53,217.54,170.56,3175.41,4.55,9.31,9.61,13.83,965.23,12425.37,19.66,12.88,11.07,33.23,20.24,16.87,11.02,6.29,6.21,6.51,5.76,43.67,37.83,5.07,7.1,11602.03,6.5,1543.76,935.78,6.47,672.4,1269.73,1477.19,883.84,3678.39,9.31,9.49
Tata Elxsi,500408,TATAELXSI,Computers - Software - Medium / Small,8602.9,53575.8,97.58,26.37,,44.08,0.09,99.39,160.01,38.93,681.74,31.51,41.78,47.72,31.03,549.04,2470.8,15.66,14.83,50.28,24.03,25.89,27.02,32,32.75,31.64,37.18,125.2,115.84,61.99,28.26,35.3,1826.16,16.48,523.53,549.67,16.99,340.78,411.85,398.56,-128.01,1043.28,41.78,45.03
Tata Motors,500570,TATAMOTORS,Automobiles - LCVs / HCVs,428.05,152609.01,,147.31,-34.46,46.41,3.29,16.31,-1032.84,-121.49,78439.06,-11.5,2.39,1.51,8.88,-11059.56,278453.62,-2.66,0.64,-507.57,,,,,-3.61,-10.67,-22.16,22.04,36.3,-1.27,-3.29,11.47,249794.75,0.81,32287.43,-11441.47,5.33,-2338.94,-655.49,9145.69,13232.21,5592.59,2.39,3.46
Tata Power Co.,500400,TATAPOWER,Power Generation And Supply,230.25,73572.69,42.25,37.31,,46.86,2.28,50.98,503.11,28.04,11959.96,15.41,7.93,9.06,15.21,1741.46,42815.67,12.74,9.19,163,100.83,7.8,40.54,16.54,3.81,4.54,8.05,83.17,51.47,23.89,2.04,31.87,32468.1,3.53,5881.18,1741.46,5.09,675.9,-540.22,6671.31,1848.46,11316.97,7.93,7.41
TCPL Packaging,523301,TCPLPACK,Packaging,881.8,802.44,16.29,12.21,,55.74,1.19,77.6,18.51,47.02,322.85,31.02,13.97,14.95,14.54,49.26,1076.02,9.67,11.91,47.18,19.37,8.67,6.21,20.36,13.08,13.82,15.28,84.61,34.84,11.94,5.34,19.05,903.82,11.64,133.73,49.26,14.27,33.7,-27.45,60.8,2.76,58.34,13.97,13.23
TCS,532540,TCS,Computers - Software - Large,3359.9,1229404.67,32.09,26.34,87.67,72.3,0.09,64.86,9926,7.35,50591,15.76,50.46,54.87,27.67,38310.43,191754,9.4,10.2,15.02,6.84,7.83,10.29,13.94,37.19,39.99,43.64,2.63,14.12,21.99,28.37,16.8,164177,10.61,46546,38327,14.64,32196.12,37000,35764,-1788,102564,50.46,47.83
Tejas Networks,540595,TEJASNET,Telecommunications - Service Provider,452.65,6857.46,,28.31,-5.47,52.45,0.01,188.99,-49.62,-247.9,126.5,-37.24,-5.78,-7.34,-14.61,-62.71,550.59,-15.12,-8.84,-280.62,,,,2.85,-0.35,-7.01,-4.09,155.45,38.63,,-3.67,4.56,526.6,5.17,53.49,-62.71,10.58,-4.21,-134.67,75.14,-13.05,-151.66,-5.78,0.88
Themis Medicare,530199,THEMISMED,Pharmaceuticals - Indian - Bulk Drugs & Formln,775,713.02,9.78,23.78,38.85,67.17,0.28,93.01,9.95,23.6,79.8,29.19,22.09,30.94,24.23,72.88,394.61,29.02,12.74,107.05,102.69,35.49,42.16,15.55,13.97,21.25,28.81,4.65,43.01,7.81,18.24,71.07,230.67,10.05,49.49,72.88,9.6,26.5,15.08,38.99,15.68,48.63,22.09,15.87
Thirumalai Chem.,500412,TIRUMALCHM,Chemicals,251.6,2576.09,9.16,23.06,,41.98,0.15,28.53,90.06,6.37,582.83,50.7,22.16,35.4,22.06,281.23,1998.19,16.58,14.21,139.06,35.29,31.96,55.95,77.23,20.6,18.18,29.79,73.1,44.55,23.79,17.55,84.04,1085.74,9.34,220.69,281.23,6.62,141.05,328.71,159.79,24.25,526.68,22.16,26.39
Timken India,522113,TIMKEN,Bearings,2500.2,18806.19,57.49,15.05,,67.8,0.02,89.26,121.3,128.87,667.4,40.39,21,28.73,23.18,327.1,2203.2,9.81,15.85,128.34,30.07,27.48,22.11,15.68,15.69,16.21,21.8,82.6,54.98,29.35,16.03,56.2,1410.52,13.18,251.88,327.1,10.29,191.4,-47,111.2,-257.41,297.63,21,21.11
Titan Company,500114,TITAN,Diamond Cutting / Jewellery,2142.25,190185.99,85.98,22.02,,52.9,0.78,7.16,510,-3.16,7796,4.03,19.39,21.38,11.6,2211.93,28799,13.34,16.78,130.09,16.7,23.37,15.24,13.88,22.35,21.35,26.33,23.94,18.46,32.95,11.89,33.06,21644,13.44,1725,2173,12.53,1434.65,-940,4000,106,2367,19.39,21.17
Torrent Pharma.,500420,TORNTPHARM,Pharmaceuticals - Indian - Bulk Drugs & Formln,2864.25,48468.84,44.7,23.78,,71.25,0.68,70.06,-118,-12.04,2131,10.02,17.19,19.01,28.57,1084.38,8508,3.5,7.91,-12.53,22.09,4.27,5.62,12.7,18.12,20.79,18.39,-0.54,22.88,19.01,7.98,6.29,8004.83,9.06,2485.68,777,12.2,911.7,1606,1676.67,-89.26,4272.75,17.19,15.54
Torrent Power,532779,TORNTPOWER,Power Generation And Supply,466,22396.74,25.14,37.31,,53.57,0.92,41.03,-488.04,69.92,3743.65,21.38,13.13,13.44,25.19,890.82,14257.61,2.73,7.44,-30.52,0.77,17.84,14.29,-3.35,12.27,12.8,8.85,0.29,23.49,20.25,3.71,17.13,12172.66,4.68,3477.27,453.97,6.07,1090.79,1407.48,1699.01,16.12,5369.67,13.13,12.92
Trent,500251,TRENT,Trading,1113.3,39576.42,987.68,278.5,,37.01,2,1.45,0.16,-219.67,1328.86,46.75,9.14,9.14,12.76,40.07,4498.02,19.58,19.94,127.05,-25.36,-13.2,4.96,11.18,1.79,-0.21,1.71,27.43,40.52,34.37,0.6,73.47,2592.96,10.16,113.87,105.83,9.32,35.41,-151.62,194.01,19.63,289.32,9.14,9.55
TTK Prestige,517506,TTKPRESTIG,Domestic Appliances,792.25,10981.7,36.02,50.18,17.08,70.41,0.05,44.2,80.02,4.79,697.5,16.63,21.72,24.44,15.64,304.84,2722.45,8.92,9.3,33.77,16.59,14.73,,,17.29,17.04,18.85,-10.94,3.94,7.24,13.69,24.49,2186.93,,321.93,304.84,,217.44,252.97,253.71,22.7,702.1,21.72,22.33
Tube Investments,540762,TIINDIA,Cycles And Accessories,1521.1,29355.03,38.85,38.85,39.85,46.46,0.28,52.03,178.8,18.47,3414.96,24.96,22.55,29.43,11.42,755.51,12525.3,29.46,22.83,166.26,47.17,37.12,,,19.84,21.96,28.82,13.6,56.72,,10.87,105.9,6083.29,,640.89,768.83,,348.42,640.39,125.22,491.2,1142.57,22.55,20.9
TVS Motor Co.,532343,TVSMOTOR,Automobiles - Motorcycles / Mopeds,763.65,36281.01,48.02,38.23,,50.81,3.6,17.31,277.45,-12.19,6585.2,7.39,11.68,11.29,11.31,755.51,24355.31,6.5,14.34,25.51,2.31,8.13,14.75,19.08,20.8,18.42,18.37,19.98,17.23,6.69,3.1,25.41,19420.82,13.15,2232.04,756.82,12.6,676.49,-2531.04,226.66,532.42,-2921.83,11.68,13.2
Ujjivan Small,542904,UJJIVANSFB,Banks - Private Sector,16.2,2799.87,,18.12,,83.32,5.16,0,126.52,-7.3,818.24,32.43,5.77,2.5,6.24,-414.58,2812.81,15.37,66.95,-4742.55,,,,,1.24,-0.63,-13.06,-50.61,,,-2.03,0.24,2806.07,,853.69,-414.58,34.22,30.33,2495.6,2598.86,594.71,5247.24,5.77,6.3
UPL,512070,UPL,Pesticides / Agrochemicals - Indian,734.4,56111.5,14.64,23.65,,28.45,1.17,99.39,1379,32.64,15861,23.95,13.65,16.74,20.61,3832.34,46240,28.41,23.17,27,28.58,16.65,18.89,21.18,16.46,15.51,18.35,-12.06,2.57,5.52,6.82,19.5,38694,21.12,8352,3626,19.68,2574.18,3931,5147,-1927,15882,13.65,13.78
V2 Retail,532867,V2RETAIL,Textiles - Products,132.5,455.66,,,-3.24,53.56,1.47,0.55,-9.47,-9.99,158.25,-16.41,3.97,3.03,9.65,-12.9,629.22,-5.62,5.92,-16.43,,,,4.78,3.31,-3.14,-4.85,-2.25,-16.1,-11.4,-1.65,17.06,537.5,11.88,50.15,-12.9,31.02,8.8,49.78,-38.04,-45.29,98.45,3.97,6.9
Varun Beverages,540180,VBL,Food - Processing - Indian,754.5,49008.52,59.84,45.39,12.61,64.89,0.82,9.15,254.21,96.67,2827.47,26.18,15.16,17.36,19.17,819.01,9409.82,20.01,17.97,96.96,32.2,72.11,67.97,,15.34,15.75,18.58,43.22,39.29,36.55,8.42,34.15,6450.14,19.72,1214.96,694.05,,414.32,415.97,476.38,-33.41,1466.87,15.16,14.62
Venky's (India),523261,VENKEYS,Miscellaneous,2012.65,2835.29,17.21,23.2,,56.11,0.16,52.95,57.37,-26.35,1229.35,30.59,16.38,17.83,5.55,164.78,4400.29,13.08,12.19,-38.36,-1.89,5.74,39.55,16.7,17.58,13.45,14,-23.17,1.72,7.64,8.82,41.19,3116.63,14.26,388.93,164.78,16.08,155.9,-24.83,206.72,48.16,156.9,16.38,22.11
Venus Remedies,526953,VENUSREM,Pharmaceuticals - Indian - Formulations,218.7,292.34,7.18,24.96,50.05,40.81,0.1,23.53,0.23,-98.42,141.94,27.45,5.79,8.01,10.38,40.72,598.65,22.98,8.4,6.24,59.75,34.39,34.63,-1.44,1.41,6.92,9.85,-29.98,99,18,7.17,10.01,544.17,3.99,53.78,40.72,4.09,5.12,27.71,190.18,26.94,287.71,5.79,3.54
Vinati Organics,524200,VINATIORGA,Chemicals,2018.25,20743.99,59.84,23.06,,74.06,0.01,103.56,101.1,42.68,486.09,73.75,28.36,26.51,26.87,346.68,1615.51,12.72,20.31,28.71,7.03,19.84,16.93,20.25,23.23,22.28,20.56,16.72,25.62,33.53,18.14,69.29,954.26,11.13,353.26,346.68,13.7,275.3,-39.56,137.09,17.6,376.25,28.36,30.99
Visaka Industrie,509055,VISAKAIND,Cement Products,506.8,875.8,7.4,20.19,67.13,48.36,0.23,34.57,30.12,-2.46,420.63,18.77,17.54,21.01,14.13,118.3,1415.78,7.6,8.07,7.01,20.52,22.55,27.51,13.15,15.63,15.95,17.47,-25.53,8.19,1.1,11.5,23.52,1146.21,4.78,193.47,118.53,6.55,82.35,-89.62,239.97,94.52,186.87,17.54,17.56
Vodafone Idea,532822,IDEA,Telecommunications - Service Provider,9.1,29228.15,,28.31,-15.39,74.99,,23.16,-6563.1,-8.28,10239.5,6.58,-11.43,-10.38,41.64,-28409.6,38515.5,1.26,1.6,-16.89,-37.59,,,,,,,-7.61,-10.87,-28.22,-14.29,-8.19,41952.2,2.88,16946.3,-28245.4,7.05,-23295.27,11436.7,10533.5,-16.6,21496.6,-11.43,-8.3
Voltas,500575,VOLTAS,Air-conditioners,992.55,32841.96,65.05,40.09,,30.3,0.07,97.05,182.7,-23.15,2666.58,0.56,15.25,13.02,7.21,504.91,7934.45,3.66,5.63,-3.77,-0.73,-0.49,5.64,8.8,12.3,11.22,9.62,-5.12,17.71,15.33,5.51,5.01,7555.78,6.27,580.39,504.09,4.34,533.49,537.33,537.46,178.69,1454.02,15.25,16.64
Welspun India,514162,WELSPUNIND,Textiles - Products,75.55,7590.7,12.63,23.77,,70.36,0.83,39.17,52.19,-60.61,2227.09,4.28,14.1,14.49,14.59,601.17,9311.47,12.58,7,11.75,18.37,-1.75,1.48,37.5,15.48,16.08,15.79,-20.97,10.5,-1.82,6.74,26.86,7340.18,8.49,1352.02,601.17,11.28,470.06,80.65,532.81,94.31,900.22,14.1,13.21
Wendt India,505412,WENDT,Abrasives And Grinding Wheels,7397.1,1479.42,54.65,51.57,135.35,75,0.01,70.16,7.47,40.94,47.75,4.67,15.34,24.03,23.3,27.07,178.81,2.81,4.12,134.98,20.5,17.93,10.4,3.46,11.36,11.13,17.73,97.92,40.45,26.28,13.92,30.88,136.62,5.36,22.97,27.07,4.85,15.22,31.97,-1.9,0.64,33.76,15.34,15.95
Whirlpool India,500238,WHIRLPOOL,Domestic Appliances,1559.5,19785.38,69,50.18,44.64,75,0.01,25.32,83.82,-35.55,1706.91,-4.07,18.49,10.94,6.71,286.76,6196.57,4.71,,-18.82,-11.19,,,,,13.82,9.23,-28.42,0.73,6.6,5.35,5.03,5899.89,,520.9,566.37,,377.95,-70.19,425.19,786.3,430.33,18.49,
Wockhardt,532300,WOCKPHARMA,Pharmaceuticals - Indian - Bulk Drugs & Formln,242.6,3494.9,,23.78,47.64,67.13,0.57,103.74,-258,-14.65,655,3.64,4.95,1.17,9.23,-98.75,3230,-3.24,-4.26,-111.93,14.28,9.47,,,0.82,7.28,-2.73,-60.09,-12.1,-16.04,-1.41,19.26,2708.3,-4.57,-63.03,-244,-2.93,25.39,202,-452.25,12.91,235.26,4.95,2.29
Yes Bank,532648,YESBANK,Banks - Private Sector,12.95,32446.2,30.43,18.12,0.43,0,6.83,0,367.46,109.7,4947.53,24.02,2.5,5.37,56.24,1066.21,19023.51,-13.73,2.98,130.83,-14.74,-20.37,-8.63,0.87,-9.52,-22.14,3.21,-10.07,-54.19,-46.55,0.39,-5.08,20041.84,7.36,4890.67,1066.21,11.67,-2573.05,23227.76,49899.56,20925.73,14959.39,2.5,4.38
Zee Entertainmen,505537,ZEEL,Entertainment / Electronic Media Software,236.15,22682.67,21.69,50.36,10.04,3.98,0.01,77.44,181.93,-18.93,2322.9,18.16,14.18,14.8,20.98,1045.78,8189.31,1.06,4.94,19.5,-12.88,-4.17,1.26,5.78,11.8,8.49,9.98,7.1,-11.69,-14.38,8.03,5.94,7729.9,7.66,1606.5,964.56,10.42,1105.99,42.85,1373.7,495.6,1521.35,14.18,18.81
ZF Commercial,533023,ZFCVINDIA,Auto Ancillaries,7685.65,14571.99,102.57,22.01,,75,0,95.63,56.6,18.83,781.98,9.78,8.97,9.61,9.93,142.07,2543.35,-3.77,4.23,57.49,-18.42,-6.64,2.64,-0.7,9.97,6.32,6.91,11.75,7.78,6.26,5.54,36.48,1863.5,9.5,205.99,142.07,9.3,177.18,-38.05,68.35,96.05,162.21,8.97,14.22
Zydus Lifesci.,532321,ZYDUSLIFE,Pharmaceuticals - Indian - Bulk Drugs & Formln,358.9,36742.12,8.36,23.78,,74.88,0.25,79.87,397.4,-45.73,3863.8,5.27,17.9,26.28,21.88,4397.54,15265.2,5.06,10.24,91.55,34.82,24.19,21.02,21.07,21.47,22.02,29.32,-46.03,13.39,-8.15,17.56,1.08,15102.2,8.45,3344.5,4487.3,11.24,2339.75,1049.6,2446.1,-90.5,5538.4,17.9,17.43
Zydus Wellness,531335,ZYDUSWELL,Food - Processing - Indian,1599.05,10175.1,32.94,45.39,,64.82,0.08,25.86,133.3,0.13,639.78,5.62,6.3,6.41,17.16,308.87,2009.1,33.58,36.08,24.2,23.82,23.34,16.17,16.4,6.97,6.08,6.56,-21.88,5.49,13.81,5.44,7.63,1866.67,24.61,344.36,308.87,19.56,206.44,162.12,269.05,59.89,665.92,6.3,6.95
